,,Count of Students,Count of Students,Count of Students,Count of Students,Count of Students,Count of Students,Count of Students,Count of Students,Count of Students,Count of Students
School Year,,20012002,20022003,20032004,20042005,20052006,20062007,20072008,20082009,20092010,20102011
,Grade Level,,,,,,,,,,
18.0,K,0,0,1,0,0,0,0,0,0,0
18.0,1,0,0,0,1,0,0,0,0,0,0
18.0,2,1,0,0,0,1,0,0,0,0,0
18.0,3,0,1,1,0,0,1,0,0,0,0
18.0,4,0,0,1,0,1,0,1,0,0,0
18.0,5,0,0,0,1,0,0,0,1,0,0
20.0,K,4,7,5,3,7,4,8,6,6,4
20.0,1,6,3,7,8,6,7,5,10,6,5
20.0,2,1,5,4,5,10,6,8,6,8,6
20.0,3,5,2,8,5,5,9,6,9,5,10
20.0,4,8,3,3,7,5,4,11,7,9,5
20.0,5,7,6,2,2,8,6,6,11,7,5
22.0,K,49,52,38,40,48,43,31,38,53,49
22.0,1,50,52,56,43,54,48,42,40,42,54
22.0,2,61,55,52,53,44,51,46,42,42,43
22.0,3,50,54,53,49,48,39,49,40,41,47
22.0,4,47,51,54,52,40,47,36,50,42,44
22.0,5,45,48,48,52,49,36,40,33,52,43
30.0,K,16,13,12,17,9,16,15,10,11,16
30.0,1,11,16,12,15,16,4,17,17,11,11
30.0,2,15,12,17,13,16,18,4,17,17,13
30.0,3,21,15,12,19,10,13,19,7,16,16
30.0,4,17,18,14,10,17,13,12,20,7,16
30.0,5,16,14,16,12,10,16,11,14,23,7
34.0,K,13,17,18,20,18,24,27,16,25,27
34.0,1,17,11,19,19,25,23,27,25,19,25
34.0,2,17,14,15,20,21,21,24,27,27,20
34.0,3,23,18,17,15,18,21,20,26,29,27
34.0,4,9,19,17,18,14,14,22,22,27,27
34.0,5,7,9,21,18,19,12,12,23,20,26
36.0,K,19,21,26,22,13,24,21,15,30,30
36.0,1,35,22,26,21,23,20,26,24,19,28
36.0,2,36,38,24,23,19,22,18,21,21,22
36.0,3,30,38,42,27,24,21,20,13,21,23
36.0,4,19,29,33,42,25,27,21,19,12,21
36.0,5,29,17,25,31,40,25,23,22,20,10
38.0,K,9,6,4,6,5,5,7,9,6,9
38.0,1,6,9,7,2,5,6,6,7,9,6
38.0,2,7,7,8,6,1,4,4,8,7,9
38.0,3,6,7,6,7,6,2,4,6,7,7
38.0,4,9,6,7,7,9,6,2,4,4,8
38.0,5,6,10,5,5,6,9,10,2,7,5
44.0,K,9,15,7,9,5,11,13,15,19,16
44.0,1,10,13,18,7,10,4,8,15,14,23
44.0,2,9,11,14,16,7,9,4,8,13,14
44.0,3,12,8,10,12,12,7,7,6,8,13
44.0,4,13,12,11,10,15,12,6,7,10,7
44.0,5,12,13,10,11,9,11,11,7,8,11
46.0,K,7,3,4,5,2,9,13,9,9,6
46.0,1,6,5,3,4,3,4,10,12,9,11
46.0,2,3,5,6,3,4,5,2,9,16,9
46.0,3,6,2,3,6,3,6,4,3,10,17
46.0,4,3,3,3,3,7,2,5,4,8,9
46.0,5,8,4,3,2,2,8,2,5,6,9
50.0,K,11,6,9,7,8,17,11,15,20,12
50.0,1,10,11,4,8,10,9,15,10,17,24
50.0,2,17,11,9,4,8,6,9,17,13,19
50.0,3,7,16,10,10,7,8,4,9,19,12
50.0,4,6,4,17,9,11,6,7,4,15,20
50.0,5,7,6,5,16,9,11,4,7,13,13
51.0,K,0,0,0,0,0,0,0,0,0,0
51.0,1,0,0,0,0,0,0,0,0,0,0
51.0,2,0,0,0,0,0,0,0,0,0,0
51.0,3,0,0,0,0,0,0,0,0,0,0
51.0,4,0,0,0,0,0,0,0,0,0,0
51.0,5,1,0,0,0,0,0,0,0,0,0
52.01,K,4,7,5,3,3,4,6,3,13,7
52.01,1,4,4,8,5,3,4,6,7,4,10
52.01,2,3,4,3,8,4,3,3,4,8,4
52.01,3,4,3,3,3,7,5,1,3,6,7
52.01,4,8,4,5,3,3,8,7,1,8,7
52.01,5,6,9,5,5,5,3,7,6,3,9
52.02,K,6,4,8,8,8,8,12,12,15,17
52.02,1,6,7,5,10,7,4,7,9,13,13
52.02,2,2,4,5,5,7,6,4,3,10,15
52.02,3,4,5,5,2,3,4,5,4,5,10
52.02,4,6,8,8,7,3,3,1,5,10,5
52.02,5,5,6,7,5,5,3,2,1,5,10
54.0,K,10,10,12,11,8,6,16,23,11,16
54.0,1,14,11,14,7,10,8,6,11,27,7
54.0,2,16,11,13,14,3,10,6,2,14,23
54.0,3,9,10,12,9,13,3,11,7,4,8
54.0,4,13,8,15,8,6,11,2,7,5,3
54.0,5,6,9,7,14,6,3,7,2,6,5
56.01,K,6,8,3,7,7,7,1,9,8,9
56.01,1,11,8,5,2,8,3,8,1,8,4
56.01,2,8,9,6,4,3,7,3,6,1,11
56.01,3,7,6,7,6,4,3,5,3,6,0
56.01,4,3,6,7,6,6,3,3,4,4,4
56.01,5,6,4,4,6,5,4,4,3,3,4
56.02,K,1,4,3,0,5,4,4,4,3,6
56.02,1,6,2,4,3,0,5,4,5,8,3
56.02,2,6,5,3,4,3,1,4,4,2,8
56.02,3,3,4,6,2,3,3,1,3,5,2
56.02,4,2,2,3,4,1,3,3,1,3,2
56.02,5,2,1,0,3,3,1,3,3,2,3
58.0,K,16,16,10,9,9,9,20,24,23,33
58.0,1,15,19,17,14,11,7,9,15,27,22
58.0,2,12,13,15,16,11,9,4,10,19,22
58.0,3,15,15,11,10,11,8,9,5,8,17
58.0,4,8,14,13,8,10,14,7,6,11,8
58.0,5,7,9,15,9,7,5,11,6,13,9
60.0,K,21,23,19,15,15,24,24,27,24,35
60.0,1,24,17,22,18,11,14,23,25,32,32
60.0,2,23,21,16,21,18,11,13,28,32,35
60.0,3,19,21,26,11,22,18,10,14,32,33
60.0,4,14,13,15,27,10,19,13,7,24,30
60.0,5,19,13,14,18,24,10,20,11,24,26
62.0,K,26,16,21,14,14,26,30,35,33,27
62.0,1,33,22,20,24,14,19,27,32,34,32
62.0,2,28,35,19,20,17,11,17,30,34,35
62.0,3,34,30,25,24,14,17,9,18,35,35
62.0,4,22,30,27,28,19,11,15,12,29,32
62.0,5,16,19,31,28,26,20,11,14,30,31
64.0,K,22,19,16,23,24,36,20,34,34,34
64.0,1,27,22,17,16,28,19,28,18,37,37
64.0,2,29,28,17,19,17,21,21,29,22,32
64.0,3,23,31,26,18,18,19,15,23,32,22
64.0,4,21,27,30,31,21,18,15,16,35,34
64.0,5,24,20,28,33,32,21,16,16,34,36
66.0,K,32,21,32,29,28,32,30,24,30,37
66.0,1,26,36,25,28,27,32,36,32,26,32
66.0,2,34,31,34,21,27,26,32,31,34,29
66.0,3,25,33,34,34,24,26,25,30,27,35
66.0,4,18,22,31,36,36,27,26,18,29,24
66.0,5,26,16,25,29,33,35,29,26,23,33
68.0,K,46,56,50,56,67,47,55,67,64,58
68.0,1,56,49,61,52,62,67,48,62,75,55
68.0,2,56,55,50,65,49,66,69,47,63,74
68.0,3,66,59,54,42,69,53,71,68,56,56
68.0,4,42,71,62,51,52,63,51,74,62,55
68.0,5,53,47,70,56,58,60,58,52,72,61
70.0,K,21,14,17,18,12,19,13,15,10,19
70.0,1,17,21,18,19,14,17,19,14,18,11
70.0,2,22,17,21,18,13,15,15,21,14,20
70.0,3,15,19,16,19,17,14,16,13,20,13
70.0,4,13,13,20,15,18,18,15,14,11,18
70.0,5,9,15,10,19,10,18,15,16,14,13
72.0,K,21,19,29,24,20,28,20,12,21,26
72.0,1,23,24,21,28,23,21,25,21,19,21
72.0,2,39,25,25,21,34,23,18,22,24,20
72.0,3,28,39,27,22,16,27,21,20,19,21
72.0,4,19,25,38,20,22,16,26,24,22,21
72.0,5,26,20,24,30,19,25,19,28,22,23
74.0,K,89,82,76,77,89,87,75,84,95,101
74.0,1,105,94,89,66,86,83,78,76,110,96
74.0,2,82,98,91,85,73,81,87,74,81,111
74.0,3,81,87,91,82,80,68,79,84,84,88
74.0,4,63,72,75,89,72,78,61,73,86,82
74.0,5,75,62,60,66,86,75,83,64,76,81
75.0,K,1,0,0,0,0,0,0,0,0,0
75.0,1,0,1,0,0,0,0,0,0,0,0
75.0,2,0,0,0,0,0,0,0,0,0,0
75.0,3,0,0,0,0,0,0,0,0,0,0
75.0,4,0,0,0,0,0,0,0,0,0,0
75.0,5,0,0,0,0,0,0,0,0,0,0
76.0,K,38,32,46,32,34,27,29,29,28,36
76.0,1,46,39,34,44,35,33,30,31,41,24
76.0,2,40,50,38,36,43,33,36,35,42,42
76.0,3,34,44,47,42,33,46,34,37,28,41
76.0,4,34,30,36,43,42,30,42,35,27,28
76.0,5,40,25,25,32,47,45,30,34,33,29
78.0,K,0,0,0,0,0,0,0,0,0,0
78.0,1,0,0,0,0,0,0,0,0,0,0
78.0,2,0,0,0,0,0,0,0,0,0,0
78.0,3,0,0,0,0,0,0,0,0,0,0
78.0,4,1,0,0,0,0,0,0,0,0,0
78.0,5,0,1,0,0,0,0,0,0,0,0
80.0,K,1,0,0,0,0,0,0,0,0,0
80.0,1,0,0,0,0,0,0,0,0,0,0
80.0,2,0,0,0,0,0,0,0,0,0,0
80.0,3,0,0,0,0,0,0,0,0,0,0
80.0,4,0,0,0,0,0,0,0,0,0,0
80.0,5,0,0,0,0,0,0,0,0,0,0
82.0,K,0,1,0,0,0,0,0,0,0,0
82.0,1,1,0,1,0,0,0,0,0,0,0
82.0,2,0,1,0,0,0,0,0,0,0,0
82.0,3,0,0,1,0,0,0,0,0,0,0
82.0,4,0,0,0,1,0,0,0,0,0,0
82.0,5,0,0,0,0,1,0,0,0,0,0
90.0,K,0,0,0,0,0,0,0,0,0,0
90.0,1,0,0,0,0,0,0,0,0,0,0
90.0,2,0,0,0,0,0,0,0,0,0,0
90.0,3,0,0,0,0,0,0,0,0,0,0
90.0,4,0,0,0,0,0,0,0,0,0,0
90.0,5,0,1,0,0,0,0,0,0,0,0
94.0,K,12,10,6,13,7,12,7,6,11,13
94.0,1,14,10,10,7,15,6,8,8,12,10
94.0,2,3,9,10,10,10,14,5,7,9,16
94.0,3,10,2,9,8,11,10,14,7,12,10
94.0,4,8,11,4,8,11,8,9,13,7,11
94.0,5,8,6,12,4,9,12,6,10,9,6
96.0,K,0,0,0,0,0,0,0,0,0,0
96.0,1,0,0,0,0,0,0,0,0,0,0
96.0,2,1,0,0,0,0,0,0,0,0,0
96.0,3,0,2,0,0,0,0,0,0,0,0
96.0,4,1,0,2,1,0,0,0,0,0,0
96.0,5,2,1,0,1,1,0,0,0,0,0
98.0,K,0,0,0,0,0,0,0,0,0,0
98.0,1,1,0,0,0,0,0,0,0,0,0
98.0,2,3,1,0,0,0,0,0,0,0,0
98.0,3,1,3,2,0,0,0,0,0,0,0
98.0,4,0,1,2,2,0,0,0,0,0,0
98.0,5,0,0,1,1,2,0,0,0,0,0
100.0,K,28,33,21,21,26,24,9,27,32,34
100.0,1,31,29,32,24,22,27,23,17,35,36
100.0,2,27,34,37,29,24,17,25,22,21,38
100.0,3,24,23,26,25,23,24,17,24,27,27
100.0,4,28,25,22,24,18,24,16,16,25,24
100.0,5,23,24,26,17,20,15,23,15,21,36
102.0,K,37,34,56,54,53,46,41,44,78,95
102.0,1,53,47,39,60,49,61,46,50,66,83
102.0,2,60,45,51,38,57,51,56,47,61,78
102.0,3,60,59,39,42,47,59,53,52,67,64
102.0,4,44,59,65,42,36,34,50,59,58,69
102.0,5,51,39,61,63,44,38,32,53,64,65
104.0,K,67,86,73,67,78,69,61,77,92,107
104.0,1,79,76,83,79,73,72,69,71,113,108
104.0,2,77,71,67,81,74,67,71,68,91,121
104.0,3,53,68,67,66,77,74,67,68,75,104
104.0,4,63,53,65,60,65,70,65,69,78,82
104.0,5,55,65,63,65,54,63,71,65,62,71
106.0,K,43,37,41,54,39,35,37,37,43,69
106.0,1,55,47,47,39,50,46,36,42,47,60
106.0,2,48,50,43,40,34,55,42,30,56,56
106.0,3,51,56,47,40,40,40,52,38,35,69
106.0,4,43,52,53,45,37,44,43,53,50,41
106.0,5,46,44,45,48,40,28,45,38,50,56
108.0,K,44,30,28,34,30,43,33,38,44,47
108.0,1,36,39,30,30,29,43,48,39,53,57
108.0,2,32,32,39,28,28,34,35,52,54,49
108.0,3,28,29,29,39,34,30,31,30,52,54
108.0,4,27,30,20,25,34,37,31,37,36,49
108.0,5,36,23,27,19,23,36,37,28,33,41
110.0,K,0,0,0,0,0,0,0,0,0,0
110.0,1,0,0,0,0,0,0,0,0,0,0
110.0,2,0,0,0,0,0,0,0,0,0,0
110.0,3,0,0,0,1,0,0,0,0,0,0
110.0,4,0,0,0,0,1,0,1,0,0,0
110.0,5,1,0,0,0,0,1,0,1,0,0
114.0,K,18,6,18,11,12,11,11,16,16,15
114.0,1,26,18,7,23,10,9,11,11,18,20
114.0,2,12,21,12,9,24,9,9,9,13,25
114.0,3,18,9,17,14,10,18,6,8,12,12
114.0,4,12,18,8,20,12,10,15,7,15,18
114.0,5,15,10,10,7,22,13,10,14,13,15
116.0,K,60,49,51,57,73,80,54,86,112,105
116.0,1,61,70,55,61,63,80,79,54,116,133
116.0,2,39,54,60,60,53,55,72,73,96,116
116.0,3,55,46,54,59,59,63,57,76,84,97
116.0,4,51,54,50,56,54,63,59,53,89,93
116.0,5,38,52,51,56,58,62,59,56,62,87
118.0,K,14,24,25,19,29,30,17,20,25,35
118.0,1,26,18,28,26,22,24,34,21,29,29
118.0,2,23,33,16,25,30,22,22,33,27,27
118.0,3,26,22,32,18,21,31,20,21,38,22
118.0,4,21,27,21,29,16,25,34,24,23,29
118.0,5,22,18,25,21,29,19,24,31,32,27
120.0,K,11,13,13,14,13,21,11,22,21,18
120.0,1,12,10,16,15,16,11,22,13,25,23
120.0,2,19,15,10,18,14,16,13,23,16,27
120.0,3,16,19,16,13,22,18,16,15,25,19
120.0,4,12,16,18,14,14,19,15,18,15,26
120.0,5,14,11,13,18,16,11,19,19,17,18
122.0,K,72,59,55,62,69,51,41,50,71,79
122.0,1,80,72,55,54,65,78,59,54,64,72
122.0,2,75,70,76,61,58,62,82,58,74,68
122.0,3,71,74,58,61,52,52,54,75,62,75
122.0,4,81,68,68,48,57,47,47,52,77,61
122.0,5,67,73,68,71,48,58,49,42,63,73
126.0,K,30,30,19,25,30,33,33,36,24,37
126.0,1,23,26,30,22,26,28,31,33,41,27
126.0,2,33,22,19,30,22,28,30,28,35,40
126.0,3,35,33,23,21,31,27,32,33,28,38
126.0,4,26,34,28,26,26,33,27,31,33,31
126.0,5,23,18,31,28,33,28,32,26,33,37
128.01,K,26,13,10,21,19,20,17,19,11,20
128.01,1,17,26,14,13,27,17,22,20,24,15
128.01,2,26,17,23,13,14,26,21,25,24,23
128.01,3,23,21,20,25,15,14,24,19,26,21
128.01,4,22,24,23,20,23,15,13,25,20,25
128.01,5,22,23,20,23,22,27,15,16,21,18
130.0,K,34,48,46,43,55,44,49,37,57,55
130.0,1,50,37,49,44,48,50,37,53,46,56
130.0,2,46,51,38,50,49,52,47,33,55,41
130.0,3,46,50,61,39,47,39,51,45,31,53
130.0,4,32,43,49,53,43,48,34,47,46,29
130.0,5,43,36,46,49,61,45,45,43,43,49
132.0,K,21,17,15,19,16,25,26,25,21,26
132.0,1,18,18,19,20,19,25,18,27,32,28
132.0,2,19,26,17,21,20,19,27,19,29,30
132.0,3,25,20,23,25,26,23,15,26,22,32
132.0,4,24,28,18,27,26,27,25,18,25,20
132.0,5,15,24,22,20,29,24,24,26,19,28
134.0,K,24,29,31,32,27,25,31,32,28,37
134.0,1,32,24,30,32,29,31,22,32,36,41
134.0,2,31,39,28,30,30,32,34,21,33,41
134.0,3,31,31,38,33,31,33,33,36,21,32
134.0,4,35,33,34,31,28,30,31,31,35,25
134.0,5,16,40,30,33,31,24,27,31,31,36
136.0,K,31,21,23,34,22,35,28,26,36,37
136.0,1,22,29,26,24,31,17,34,31,32,37
136.0,2,24,22,29,25,29,29,17,33,32,36
136.0,3,33,26,24,27,25,30,30,15,34,33
136.0,4,18,31,30,22,27,26,28,26,17,31
136.0,5,24,20,28,28,25,30,26,29,28,23
138.0,K,13,15,11,15,14,15,10,24,10,21
138.0,1,18,12,14,8,19,18,12,8,30,13
138.0,2,6,16,14,14,9,22,14,14,13,30
138.0,3,20,7,12,17,15,13,20,14,12,16
138.0,4,7,18,5,12,15,15,8,18,12,13
138.0,5,15,7,16,6,11,15,11,12,16,11
140.0,K,15,19,13,5,8,7,8,6,12,8
140.0,1,13,17,18,16,6,8,5,9,7,13
140.0,2,11,12,15,18,18,7,7,3,10,8
140.0,3,9,8,14,17,17,20,6,7,7,9
140.0,4,9,12,8,12,16,16,18,6,10,6
140.0,5,7,9,10,8,12,14,15,19,5,10
142.0,K,21,29,20,25,19,19,23,18,29,29
142.0,1,32,20,24,20,23,17,23,26,17,28
142.0,2,26,25,24,19,19,22,17,18,26,20
142.0,3,15,18,21,21,17,20,18,16,14,26
142.0,4,12,15,21,20,20,18,19,16,12,14
142.0,5,15,12,22,23,13,19,20,14,16,12
148.0,K,4,9,11,11,8,2,7,7,9,7
148.0,1,7,2,7,10,11,11,3,6,7,10
148.0,2,9,9,3,7,9,10,11,3,7,7
148.0,3,3,4,7,3,5,9,12,11,5,7
148.0,4,5,4,3,8,3,6,8,13,11,5
148.0,5,6,4,4,3,9,3,7,8,11,10
150.0,K,6,12,9,8,13,6,9,8,14,17
150.0,1,5,5,11,7,8,13,5,12,11,16
150.0,2,11,6,4,10,5,9,14,9,12,14
150.0,3,8,13,8,5,12,6,10,14,12,14
150.0,4,4,7,9,11,4,14,7,12,14,10
150.0,5,7,6,7,7,8,5,13,9,11,15
152.0,K,13,12,15,9,11,9,9,10,6,17
152.0,1,12,16,10,17,8,10,11,6,11,5
152.0,2,6,7,14,7,14,9,8,10,4,11
152.0,3,9,6,8,8,6,10,8,6,13,4
152.0,4,8,9,4,6,6,7,7,8,7,11
152.0,5,5,10,8,2,2,4,7,7,6,4
160.0,K,17,21,18,23,22,23,12,38,22,28
160.0,1,22,15,19,18,22,20,22,10,44,19
160.0,2,14,17,18,22,17,21,14,20,12,45
160.0,3,11,14,18,20,22,19,20,12,17,13
160.0,4,8,9,13,19,21,19,15,12,9,13
160.0,5,11,6,11,12,18,14,15,10,7,10
162.0,K,4,5,8,10,13,7,3,10,6,10
162.0,1,6,6,5,6,10,11,8,5,13,5
162.0,2,5,6,6,6,6,5,9,4,5,13
162.0,3,3,6,5,3,7,2,3,7,3,3
162.0,4,3,4,5,4,3,5,1,3,7,3
162.0,5,2,3,5,4,6,3,6,1,1,4
164.0,K,2,1,0,4,2,12,8,11,13,24
164.0,1,7,5,1,0,7,4,9,8,9,17
164.0,2,7,7,4,1,1,5,6,8,6,21
164.0,3,4,9,6,1,2,3,4,6,6,10
164.0,4,10,3,4,4,2,3,0,2,4,9
164.0,5,4,5,2,3,2,2,5,1,0,4
166.0,K,9,7,3,9,7,2,3,6,5,5
166.0,1,8,7,7,5,9,5,3,3,6,7
166.0,2,12,11,7,4,6,8,4,2,3,7
166.0,3,7,15,11,8,4,4,7,5,3,4
166.0,4,6,8,13,13,7,4,6,8,5,4
166.0,5,9,8,9,13,13,10,4,5,8,6
168.0,K,9,14,14,6,9,13,5,18,7,10
168.0,1,11,6,14,9,6,10,13,4,24,10
168.0,2,4,11,6,17,8,5,8,11,4,21
168.0,3,3,4,14,9,17,7,6,9,11,6
168.0,4,5,4,4,15,6,16,6,5,8,12
168.0,5,11,6,5,5,15,6,16,6,7,8
170.0,K,28,30,30,19,28,16,14,32,23,43
170.0,1,30,33,29,32,19,28,14,20,42,24
170.0,2,29,29,34,29,33,19,28,12,31,40
170.0,3,19,30,32,37,33,38,15,29,17,25
170.0,4,27,23,30,27,39,35,37,16,26,18
170.0,5,35,27,24,32,32,44,34,40,27,25
172.0,K,25,31,15,21,23,14,17,33,18,44
172.0,1,19,25,34,17,26,26,16,19,36,17
172.0,2,20,21,29,34,15,29,22,15,25,44
172.0,3,25,25,17,33,38,16,32,27,13,25
172.0,4,23,24,21,25,33,41,25,34,27,13
172.0,5,29,24,23,23,30,39,41,25,32,26
174.0,K,13,10,12,10,6,3,9,15,7,15
174.0,1,14,13,8,13,10,5,3,9,15,7
174.0,2,8,16,13,13,15,10,6,3,11,17
174.0,3,11,9,14,13,13,14,5,8,5,9
174.0,4,8,12,13,15,12,12,14,6,10,4
174.0,5,7,8,12,13,12,13,13,14,7,8
176.0,K,19,20,11,10,7,5,5,12,10,24
176.0,1,24,14,17,12,9,8,5,4,16,10
176.0,2,16,25,17,15,12,9,10,4,5,13
176.0,3,22,15,24,13,14,14,8,9,6,6
176.0,4,15,19,17,19,14,14,14,6,8,7
176.0,5,15,14,15,17,15,13,12,12,6,8
178.0,K,27,23,15,18,14,21,15,15,19,30
178.0,1,20,25,21,13,17,18,23,13,19,22
178.0,2,28,23,18,20,14,17,18,17,14,18
178.0,3,30,31,24,25,16,20,16,17,17,13
178.0,4,17,24,27,21,19,16,22,14,16,15
178.0,5,19,18,26,24,21,19,23,21,17,14
180.0,K,27,25,28,22,28,19,20,24,23,28
180.0,1,21,27,28,30,19,25,19,14,29,19
180.0,2,26,26,30,29,27,22,20,18,16,30
180.0,3,20,27,26,28,27,26,20,22,17,14
180.0,4,25,24,31,28,32,23,28,23,22,13
180.0,5,23,25,20,34,33,29,19,28,25,21
182.0,K,34,35,28,24,26,31,29,20,33,37
182.0,1,35,32,33,29,26,28,32,31,27,37
182.0,2,29,35,30,29,32,23,29,32,32,29
182.0,3,21,32,36,34,31,34,30,28,39,40
182.0,4,22,23,28,36,38,31,35,29,31,35
182.0,5,25,21,25,25,38,37,28,34,31,39
184.0,K,26,27,23,20,22,17,18,24,13,17
184.0,1,13,30,25,25,19,20,15,21,23,18
184.0,2,18,11,32,24,23,19,24,14,22,24
184.0,3,16,20,14,31,26,23,23,25,13,22
184.0,4,22,19,21,15,30,28,27,28,26,16
184.0,5,11,18,19,28,16,29,30,30,29,27
186.0,K,23,26,16,20,19,27,23,19,30,23
186.0,1,17,20,25,17,22,17,26,26,23,30
186.0,2,18,19,21,24,19,19,18,25,27,21
186.0,3,13,16,20,18,27,18,23,19,20,30
186.0,4,23,12,14,19,22,24,19,25,22,25
186.0,5,16,24,12,15,18,23,22,21,27,20
188.0,K,11,12,18,16,21,18,22,17,19,33
188.0,1,19,17,13,21,17,25,19,23,20,19
188.0,2,28,21,19,10,20,16,27,19,29,15
188.0,3,19,29,25,26,9,17,16,27,22,32
188.0,4,16,19,27,25,24,16,21,16,28,19
188.0,5,22,20,23,27,20,22,13,22,16,24
190.0,K,45,36,33,40,41,41,54,40,45,52
190.0,1,45,51,39,36,35,45,47,52,46,50
190.0,2,42,45,46,38,37,39,45,48,58,42
190.0,3,43,39,48,48,31,41,38,48,53,63
190.0,4,43,33,39,49,41,31,43,35,57,49
190.0,5,54,44,29,44,43,36,29,42,44,58
192.0,K,19,15,16,20,6,10,13,18,22,22
192.0,1,15,19,12,16,24,6,13,14,16,23
192.0,2,22,18,21,12,17,21,9,13,15,17
192.0,3,18,27,17,19,11,16,23,9,13,19
192.0,4,11,19,25,22,21,12,15,20,13,15
192.0,5,19,14,15,22,23,19,12,12,15,16
194.0,K,25,37,31,28,21,22,21,35,50,29
194.0,1,25,32,39,34,25,23,23,24,36,44
194.0,2,36,25,32,34,32,23,26,26,29,37
194.0,3,26,37,22,24,31,33,27,28,28,28
194.0,4,32,23,40,21,20,32,32,30,41,28
194.0,5,30,31,24,39,25,19,28,38,37,37
196.0,K,32,23,30,26,33,32,37,39,55,41
196.0,1,32,41,28,32,26,34,33,37,45,61
196.0,2,42,38,39,29,32,31,30,36,43,53
196.0,3,32,48,38,34,29,30,23,43,50,50
196.0,4,35,36,43,40,40,29,30,27,51,55
196.0,5,47,34,45,42,46,40,26,38,40,57
198.0,K,15,6,19,15,8,16,14,13,16,12
198.0,1,11,16,9,15,14,10,17,12,13,14
198.0,2,12,11,16,8,15,15,13,17,13,13
198.0,3,13,12,13,14,8,12,13,13,17,12
198.0,4,14,13,12,8,14,9,12,12,17,18
198.0,5,9,14,14,15,9,15,10,11,14,20
200.0,K,15,7,19,10,17,22,11,18,17,27
200.0,1,22,16,8,20,17,17,24,15,19,19
200.0,2,13,19,18,10,19,14,18,21,20,23
200.0,3,9,13,18,15,11,17,15,15,23,22
200.0,4,15,11,16,22,14,11,13,15,18,23
200.0,5,10,14,11,20,21,15,14,13,13,24
202.0,K,9,8,5,8,12,2,4,10,11,12
202.0,1,7,10,8,9,7,18,2,11,15,15
202.0,2,7,8,8,9,11,6,16,2,12,14
202.0,3,10,5,7,7,11,10,7,17,6,14
202.0,4,7,10,8,7,8,10,11,6,20,7
202.0,5,5,8,11,11,8,7,9,16,12,21
204.0,K,8,11,2,6,6,4,7,5,8,11
204.0,1,7,10,13,4,7,11,2,7,4,9
204.0,2,6,6,9,11,4,5,12,4,12,6
204.0,3,5,5,7,11,9,4,3,12,5,13
204.0,4,5,7,6,6,11,10,2,5,12,5
204.0,5,5,6,8,8,7,10,10,3,11,16
206.0,K,14,9,15,13,11,15,8,13,15,19
206.0,1,11,19,10,14,12,13,17,10,13,18
206.0,2,15,14,19,12,16,12,12,16,12,13
206.0,3,14,14,16,14,13,11,10,12,16,13
206.0,4,13,15,16,18,14,15,13,11,18,16
206.0,5,12,19,17,12,18,12,15,15,12,16
207.0,K,0,0,0,0,0,0,0,0,0,0
207.0,1,0,0,0,0,0,0,0,0,0,0
207.0,2,0,0,0,0,0,0,0,0,0,0
207.0,3,0,0,0,0,0,0,0,0,0,1
207.0,4,0,0,0,0,0,0,0,0,0,0
207.0,5,0,0,0,0,0,0,0,0,0,0
208.0,K,13,19,12,14,17,18,12,18,27,19
208.0,1,20,17,18,12,15,19,18,19,23,32
208.0,2,20,23,15,13,14,17,22,21,23,26
208.0,3,19,22,23,17,15,10,16,26,25,28
208.0,4,23,18,24,21,18,14,13,21,29,28
208.0,5,19,30,21,24,23,21,14,18,31,38
210.0,K,27,27,26,22,23,16,20,36,48,45
210.0,1,17,24,30,28,28,27,13,22,45,57
210.0,2,39,20,27,32,32,30,25,23,30,46
210.0,3,19,40,27,27,35,35,27,26,31,29
210.0,4,23,19,45,26,27,30,32,29,30,33
210.0,5,29,27,22,44,29,28,30,30,35,33
212.0,K,27,41,33,49,52,48,39,44,46,51
212.0,1,38,27,39,37,45,51,55,46,56,51
212.0,2,50,36,26,36,36,51,55,54,52,56
212.0,3,33,46,38,26,30,35,51,59,55,41
212.0,4,31,32,47,34,26,32,34,53,59,55
212.0,5,42,35,34,46,45,31,27,32,61,61
214.0,K,13,12,10,12,15,17,16,17,26,32
214.0,1,13,10,14,10,12,19,19,16,29,32
214.0,2,18,11,11,14,11,17,19,20,20,26
214.0,3,12,18,8,14,15,14,17,14,20,25
214.0,4,21,11,16,13,13,15,19,20,22,19
214.0,5,10,21,12,17,14,13,13,23,23,24
216.0,K,14,8,14,12,15,11,9,11,16,17
216.0,1,13,14,10,16,12,15,11,3,12,16
216.0,2,9,12,14,10,14,14,10,9,10,15
216.0,3,13,8,13,12,11,17,10,10,12,8
216.0,4,12,13,10,11,13,14,18,9,10,14
216.0,5,10,6,14,8,13,20,14,13,12,14
218.0,K,10,6,15,10,9,14,11,7,9,17
218.0,1,13,7,8,14,6,7,13,10,8,13
218.0,2,14,13,12,13,12,7,8,13,10,8
218.0,3,10,11,12,8,15,15,7,6,9,12
218.0,4,9,7,10,14,11,13,14,6,5,9
218.0,5,10,11,6,7,13,13,12,11,6,3
220.0,K,12,12,10,11,5,11,7,6,14,16
220.0,1,12,12,13,14,14,5,12,6,9,16
220.0,2,9,12,15,9,13,16,6,10,14,9
220.0,3,8,6,11,12,10,14,14,7,11,12
220.0,4,8,6,7,11,14,8,13,14,5,11
220.0,5,9,7,6,7,9,12,9,11,12,4
221.0,K,0,0,0,0,0,0,1,0,0,0
221.0,1,0,0,0,0,0,0,0,1,0,0
221.0,2,0,0,0,0,0,0,0,0,1,0
221.0,3,0,0,0,0,0,0,0,0,0,1
221.0,4,0,0,0,0,0,0,0,0,0,0
221.0,5,0,0,0,0,0,0,0,0,0,0
222.0,K,2,4,1,11,4,6,3,5,4,2
222.0,1,8,3,4,1,8,4,6,2,8,4
222.0,2,2,5,3,5,1,7,4,9,4,8
222.0,3,0,2,6,3,4,2,7,5,8,4
222.0,4,2,0,2,5,4,4,2,7,5,8
222.0,5,6,2,0,3,6,6,4,3,7,5
228.0,K,6,1,4,6,3,2,4,2,2,3
228.0,1,7,4,2,4,7,3,3,3,2,3
228.0,2,4,6,6,1,3,3,4,3,3,2
228.0,3,5,2,4,6,3,3,4,4,3,3
228.0,4,10,3,1,5,5,3,5,4,4,3
228.0,5,3,7,4,1,5,4,0,5,4,4
230.0,K,41,40,31,32,27,27,27,18,23,35
230.0,1,36,43,34,27,23,16,27,31,27,24
230.0,2,29,33,33,32,28,24,17,23,27,26
230.0,3,18,30,33,30,23,23,22,21,25,22
230.0,4,23,17,23,26,30,26,20,21,23,27
230.0,5,21,22,20,21,21,23,23,19,24,25
232.0,K,28,17,13,23,13,18,21,16,20,19
232.0,1,23,31,23,17,19,15,14,17,19,21
232.0,2,27,25,29,20,13,14,10,10,15,21
232.0,3,24,27,17,29,18,15,12,12,9,17
232.0,4,21,22,23,17,26,15,12,12,13,10
232.0,5,19,22,20,22,12,24,14,13,8,14
234.0,K,2,5,3,2,4,1,1,3,3,4
234.0,1,3,5,4,3,1,1,2,2,7,5
234.0,2,4,1,5,1,3,1,0,2,1,8
234.0,3,4,4,3,6,3,3,1,2,1,1
234.0,4,5,4,4,1,6,2,4,2,2,3
234.0,5,4,5,4,3,1,7,3,5,3,1
236.0,K,5,4,10,6,6,3,2,9,3,12
236.0,1,4,7,3,12,5,5,1,2,11,3
236.0,2,8,4,7,3,12,4,5,1,3,8
236.0,3,9,7,6,2,3,9,2,5,0,5
236.0,4,7,6,6,4,2,2,6,4,4,2
236.0,5,6,10,6,6,6,3,2,5,3,3
238.0,K,1,4,6,4,2,0,1,8,5,6
238.0,1,7,2,4,5,3,2,0,0,11,4
238.0,2,6,7,1,3,2,2,3,0,1,11
238.0,3,3,6,5,2,1,1,3,0,0,1
238.0,4,5,3,5,4,1,0,1,2,1,0
238.0,5,2,5,3,5,4,0,0,1,0,1
240.0,K,4,4,2,2,3,4,5,7,7,11
240.0,1,8,4,3,2,2,4,4,3,10,7
240.0,2,7,7,2,2,2,2,2,3,4,10
240.0,3,3,6,7,2,3,4,2,2,3,4
240.0,4,4,4,5,8,1,3,4,4,5,3
240.0,5,6,5,6,5,7,2,2,4,5,3
242.0,K,7,6,5,5,5,9,6,3,4,12
242.0,1,11,7,7,4,7,4,6,3,4,2
242.0,2,6,9,8,6,4,7,7,2,2,4
242.0,3,8,5,7,4,6,2,5,5,3,2
242.0,4,6,7,4,6,6,6,2,4,4,3
242.0,5,6,9,6,5,5,5,5,2,3,4
244.0,K,14,19,18,17,20,12,10,14,13,19
244.0,1,21,15,20,19,20,21,13,8,18,13
244.0,2,18,19,15,14,22,19,19,17,13,17
244.0,3,29,22,18,13,9,23,21,14,14,17
244.0,4,19,28,23,16,15,10,18,23,16,13
244.0,5,15,23,28,19,14,14,12,19,27,15
246.0,K,1,5,4,3,3,8,4,5,3,3
246.0,1,3,2,4,4,1,5,8,6,7,4
246.0,2,2,5,3,4,4,2,3,9,6,7
246.0,3,4,6,4,2,3,5,3,2,8,7
246.0,4,1,3,7,5,2,4,5,2,3,8
246.0,5,6,1,2,8,5,2,3,4,1,5
248.0,K,16,21,25,26,25,19,12,23,21,24
248.0,1,33,20,21,22,27,20,22,15,29,24
248.0,2,20,35,22,21,22,23,22,26,11,22
248.0,3,15,17,32,20,19,19,23,17,25,10
248.0,4,27,18,21,31,18,16,20,19,19,23
248.0,5,29,24,23,19,30,17,16,20,16,19
250.0,K,10,11,13,17,12,14,13,8,21,16
250.0,1,18,11,10,16,18,14,15,13,11,15
250.0,2,11,15,12,9,16,19,15,14,12,11
250.0,3,16,12,17,10,12,15,18,13,16,12
250.0,4,15,19,14,14,9,10,15,16,14,17
250.0,5,16,13,20,13,15,9,10,14,19,16
252.0,K,31,32,36,47,43,30,28,40,40,48
252.0,1,48,37,41,44,47,48,33,33,46,44
252.0,2,45,48,38,35,42,41,46,33,33,50
252.0,3,47,43,51,35,29,35,37,46,36,33
252.0,4,33,45,42,50,33,29,29,40,47,40
252.0,5,37,33,43,38,50,33,29,28,43,48
254.0,K,28,29,28,36,21,29,28,35,17,35
254.0,1,37,31,31,32,33,19,29,27,39,20
254.0,2,33,30,35,29,30,31,22,31,30,35
254.0,3,30,29,26,39,24,26,27,25,30,28
254.0,4,32,28,40,23,39,24,29,30,28,25
254.0,5,34,33,26,39,26,35,27,33,29,30
256.0,K,33,31,30,37,29,39,23,27,24,40
256.0,1,26,38,35,28,32,31,37,24,32,27
256.0,2,36,27,39,30,31,34,28,35,24,32
256.0,3,21,34,29,43,29,32,31,29,37,23
256.0,4,46,22,31,31,37,27,28,29,31,37
256.0,5,22,43,25,27,26,42,28,25,27,23
258.0,K,53,47,35,50,59,51,37,50,59,56
258.0,1,39,48,48,42,45,54,51,43,54,52
258.0,2,43,43,51,51,46,48,54,52,47,53
258.0,3,61,40,42,53,54,45,53,54,49,47
258.0,4,35,53,43,47,54,50,48,63,54,52
258.0,5,56,33,57,49,48,50,48,51,54,57
260.0,K,26,28,27,24,26,28,33,34,27,26
260.0,1,31,25,29,26,29,25,26,31,46,31
260.0,2,30,30,24,27,26,33,27,26,29,52
260.0,3,23,30,30,22,28,32,31,27,33,29
260.0,4,26,25,27,25,21,29,27,31,33,34
260.0,5,21,26,29,22,23,22,27,28,33,35
262.0,K,10,13,12,12,13,22,16,17,17,17
262.0,1,20,9,12,10,10,14,22,16,22,18
262.0,2,18,21,10,16,13,11,14,25,20,21
262.0,3,16,19,22,11,17,15,8,12,23,26
262.0,4,20,21,16,24,11,15,12,8,13,23
262.0,5,15,22,18,20,25,12,16,15,12,18
264.0,K,32,33,41,27,37,35,37,27,40,46
264.0,1,33,31,35,46,25,38,43,40,31,45
264.0,2,36,36,32,40,42,23,41,46,38,39
264.0,3,32,31,44,35,45,41,24,39,44,44
264.0,4,36,36,30,47,37,38,41,25,41,39
264.0,5,39,39,37,31,43,34,42,40,31,37
266.0,K,43,44,40,30,36,38,33,36,46,44
266.0,1,44,43,46,42,36,38,39,30,34,47
266.0,2,32,38,45,46,36,33,38,35,34,31
266.0,3,32,31,40,38,43,38,29,32,32,33
266.0,4,34,33,27,36,40,48,37,29,31,38
266.0,5,32,32,33,30,41,32,48,39,30,39
268.0,K,36,24,30,31,38,47,38,44,40,55
268.0,1,25,36,19,37,33,39,46,39,53,40
268.0,2,33,29,39,20,35,41,39,49,48,61
268.0,3,25,37,33,45,28,36,43,37,52,46
268.0,4,21,29,32,34,48,33,35,40,42,55
268.0,5,30,17,28,28,33,44,35,38,39,44
270.0,K,2,8,4,4,3,5,3,1,9,9
270.0,1,12,2,9,4,5,5,6,3,1,10
270.0,2,6,11,2,8,3,5,3,4,4,3
270.0,3,5,6,10,2,8,3,4,5,6,4
270.0,4,3,7,7,9,3,11,3,4,7,6
270.0,5,8,3,8,7,8,4,8,3,5,6
272.0,K,19,22,24,25,24,17,21,26,24,30
272.0,1,36,27,20,26,23,27,18,21,28,24
272.0,2,37,31,30,18,22,26,26,17,24,25
272.0,3,29,32,29,31,21,22,23,27,20,24
272.0,4,20,33,37,32,27,20,23,24,29,22
272.0,5,34,17,29,33,30,27,22,19,29,30
274.0,K,18,20,19,23,33,27,24,26,27,31
274.0,1,22,22,23,25,24,28,26,33,26,31
274.0,2,23,25,22,26,33,32,29,25,33,32
274.0,3,29,20,20,17,29,31,29,35,23,37
274.0,4,15,27,20,21,20,30,28,34,30,28
274.0,5,24,17,26,25,28,21,27,24,35,35
276.0,K,36,23,23,40,32,29,22,37,46,51
276.0,1,37,41,26,27,40,33,33,32,43,49
276.0,2,30,32,43,24,29,40,32,37,34,44
276.0,3,25,27,30,40,26,32,39,33,37,31
276.0,4,27,22,27,29,41,29,30,34,34,39
276.0,5,33,27,18,29,28,44,35,34,34,31
278.0,K,20,29,22,25,13,19,26,35,32,46
278.0,1,24,20,29,23,27,25,21,30,34,32
278.0,2,20,27,18,27,26,21,22,25,31,32
278.0,3,21,22,30,14,29,27,21,26,26,27
278.0,4,27,22,21,33,19,27,25,22,26,25
278.0,5,23,27,21,21,30,19,21,22,24,25
280.0,K,10,9,16,11,12,8,13,13,20,13
280.0,1,13,14,13,15,10,11,10,17,11,16
280.0,2,14,13,20,10,13,13,10,11,18,9
280.0,3,9,12,15,17,8,13,12,11,13,16
280.0,4,11,7,13,10,16,8,14,13,13,14
280.0,5,8,11,7,11,10,12,10,15,10,12
282.0,K,31,27,27,26,31,20,27,20,22,25
282.0,1,22,36,30,25,28,33,23,33,23,29
282.0,2,19,19,34,29,33,29,31,25,37,20
282.0,3,20,20,14,32,23,27,27,29,30,36
282.0,4,27,17,17,10,34,24,24,23,26,29
282.0,5,25,25,15,16,11,31,24,22,21,33
284.0,K,32,30,32,38,37,33,34,38,40,49
284.0,1,23,30,35,35,34,44,38,34,46,47
284.0,2,38,25,26,30,26,31,43,36,33,45
284.0,3,27,39,26,28,34,23,30,46,35,31
284.0,4,26,31,34,28,34,31,25,29,48,45
284.0,5,31,26,33,34,28,32,34,25,32,47
286.0,K,51,53,60,57,56,43,62,30,59,53
286.0,1,51,55,54,68,57,57,47,65,41,63
286.0,2,58,46,51,51,63,57,50,48,70,46
286.0,3,39,57,51,49,40,58,58,53,49,64
286.0,4,46,43,49,44,47,34,55,52,59,59
286.0,5,45,46,42,42,39,43,34,52,45,55
288.0,K,17,20,13,12,11,15,17,18,8,19
288.0,1,16,20,21,9,16,15,12,17,23,12
288.0,2,9,15,20,22,9,14,17,13,18,23
288.0,3,9,10,16,18,23,8,9,15,15,14
288.0,4,11,8,11,19,19,20,8,12,14,16
288.0,5,12,15,9,10,20,19,20,11,11,14
290.0,K,6,8,6,13,6,15,14,6,12,15
290.0,1,7,10,11,5,11,8,16,14,8,16
290.0,2,5,6,9,11,6,7,7,13,14,8
290.0,3,10,5,10,8,6,8,9,7,12,13
290.0,4,7,10,7,7,8,7,10,8,5,12
290.0,5,9,7,10,7,7,5,6,10,5,4
292.0,K,26,24,22,27,29,23,17,25,25,26
292.0,1,16,27,29,26,26,33,26,21,31,28
292.0,2,29,16,23,26,27,23,26,28,23,33
292.0,3,24,26,18,21,27,27,20,22,27,22
292.0,4,26,25,23,17,19,22,24,21,22,25
292.0,5,24,26,27,24,15,17,23,22,26,21
294.0,K,5,6,10,6,4,10,6,7,6,13
294.0,1,14,6,6,11,9,4,8,7,7,5
294.0,2,3,14,8,4,11,7,4,10,6,5
294.0,3,17,5,10,10,7,10,4,4,9,6
294.0,4,10,18,5,8,9,9,9,3,3,9
294.0,5,7,10,19,6,9,12,11,10,3,3
296.0,K,7,10,13,11,10,14,10,8,9,11
296.0,1,12,8,10,16,12,9,12,10,12,13
296.0,2,14,8,10,8,15,11,10,12,9,11
296.0,3,13,9,9,8,11,12,10,9,14,11
296.0,4,9,8,11,12,6,11,14,9,10,14
296.0,5,11,10,9,12,11,6,12,13,16,11
298.0,K,0,0,0,0,0,1,0,0,0,1
298.0,1,0,0,0,0,0,0,0,0,0,0
298.0,2,0,0,0,0,0,0,0,0,0,0
298.0,3,0,0,0,0,0,0,0,0,0,0
298.0,4,0,0,0,0,0,0,0,0,0,0
298.0,5,0,0,0,0,0,0,0,0,0,0
421.0,K,0,0,0,0,0,0,0,0,0,0
421.0,1,0,0,0,0,0,0,0,0,0,0
421.0,2,0,0,0,0,0,1,0,0,0,0
421.0,3,0,0,0,0,0,0,1,0,0,0
421.0,4,0,0,0,0,0,0,0,1,0,0
421.0,5,0,0,0,0,0,0,0,0,0,0
428.0,K,1,0,0,0,0,0,0,0,0,0
428.0,1,0,0,0,0,0,0,0,0,0,0
428.0,2,1,0,0,0,0,0,0,0,0,0
428.0,3,0,0,0,0,0,0,0,0,0,0
428.0,4,0,0,0,0,0,0,0,0,0,0
428.0,5,1,0,0,0,0,0,0,0,0,0
430.0,K,29,17,19,24,25,19,17,29,20,29
430.0,1,27,29,20,17,25,20,21,20,33,22
430.0,2,29,24,25,21,21,25,22,21,25,35
430.0,3,30,29,24,22,21,16,23,24,23,25
430.0,4,26,26,29,25,27,21,17,22,24,23
430.0,5,22,26,28,26,21,27,23,19,22,18
432.0,K,20,15,16,8,19,10,19,16,13,18
432.0,1,9,22,14,19,5,23,11,18,15,13
432.0,2,16,13,21,12,17,4,22,13,22,16
432.0,3,15,16,11,19,14,19,5,19,11,22
432.0,4,14,16,16,14,14,11,18,6,19,12
432.0,5,15,19,15,15,15,13,11,17,8,16
434.0,K,0,0,0,0,0,0,0,0,0,0
434.0,1,0,1,0,0,0,0,0,0,0,0
434.0,2,0,0,0,0,0,0,0,0,0,0
434.0,3,0,0,0,0,0,0,0,0,0,0
434.0,4,0,0,0,0,0,0,0,0,0,0
434.0,5,0,0,0,0,0,0,0,0,0,0
436.0,K,0,0,0,0,0,0,0,0,0,0
436.0,1,0,0,0,0,0,0,0,0,0,0
436.0,2,1,0,0,0,0,0,0,0,0,0
436.0,3,0,0,0,0,0,0,0,0,0,0
436.0,4,0,0,0,0,0,0,0,0,0,0
436.0,5,0,0,0,0,0,0,0,0,0,0
462.01,K,4,1,1,1,2,0,2,1,0,3
462.01,1,2,4,1,1,1,1,0,2,2,1
462.01,2,2,2,2,1,0,1,1,0,1,3
462.01,3,0,2,2,1,0,0,0,0,1,1
462.01,4,1,0,2,2,0,0,0,1,0,2
462.01,5,1,2,0,1,1,0,0,1,0,0
464.0,K,0,0,0,0,0,0,0,1,0,0
464.0,1,0,0,0,0,0,0,0,0,1,0
464.0,2,0,0,0,0,0,0,0,0,0,1
464.0,3,1,0,0,0,0,1,0,0,0,0
464.0,4,0,1,0,0,0,0,1,0,0,0
464.0,5,1,0,0,0,0,0,0,1,0,0
468.0,K,0,1,1,2,1,1,0,1,1,2
468.0,1,0,0,2,0,2,1,1,0,1,1
468.0,2,0,0,0,2,0,3,2,1,0,0
468.0,3,1,1,0,0,1,0,2,1,1,0
468.0,4,1,2,1,0,0,0,0,2,1,1
468.0,5,2,1,2,1,0,0,0,0,0,1
470.0,K,1,0,1,1,1,1,1,0,2,4
470.0,1,2,1,0,1,1,2,1,1,1,2
470.0,2,3,2,1,0,0,2,1,2,1,1
470.0,3,3,2,0,2,1,1,0,1,0,1
470.0,4,0,3,2,1,2,1,1,0,1,0
470.0,5,2,0,1,3,0,1,2,1,0,2
472.0,K,0,2,0,0,1,0,0,0,0,0
472.0,1,0,0,1,0,0,0,0,0,0,0
472.0,2,2,0,0,1,0,0,0,0,1,0
472.0,3,1,2,0,0,0,0,0,0,0,0
472.0,4,1,1,2,0,0,0,0,0,0,0
472.0,5,1,1,0,2,0,0,0,0,0,0
474.0,K,1,0,2,4,0,2,2,1,1,4
474.0,1,2,1,1,5,3,2,0,2,2,1
474.0,2,3,2,1,1,5,1,3,0,3,4
474.0,3,6,2,0,0,2,4,1,2,0,1
474.0,4,3,4,2,0,0,2,2,1,2,1
474.0,5,5,4,3,3,1,0,2,1,2,0
476.0,K,4,6,3,2,2,3,5,11,5,6
476.0,1,5,6,6,3,3,1,2,3,10,6
476.0,2,7,4,6,3,3,2,0,2,1,8
476.0,3,4,8,1,4,3,2,0,0,1,2
476.0,4,3,4,6,2,3,2,2,0,0,2
476.0,5,2,4,2,5,1,2,0,1,0,0
478.0,K,17,13,16,12,10,15,21,12,16,18
478.0,1,27,13,16,13,13,11,11,20,16,16
478.0,2,29,20,11,19,14,8,10,12,24,17
478.0,3,30,27,19,10,19,11,7,6,11,19
478.0,4,17,23,24,13,10,16,10,8,8,13
478.0,5,28,15,24,25,13,6,12,8,8,5
480.0,K,11,9,5,6,3,6,10,6,4,10
480.0,1,7,10,5,1,8,2,6,8,7,6
480.0,2,8,6,11,4,4,8,2,6,5,9
480.0,3,11,10,5,7,4,1,5,2,5,5
480.0,4,9,9,13,3,7,4,1,3,2,8
480.0,5,11,7,11,11,3,6,4,3,3,0
484.0,K,34,29,25,29,26,21,26,32,33,32
484.0,1,32,33,24,30,26,22,22,26,47,38
484.0,2,28,29,29,27,31,28,20,20,29,51
484.0,3,28,32,26,35,27,32,28,20,28,29
484.0,4,31,22,26,23,25,29,27,25,20,29
484.0,5,34,29,20,26,24,23,30,29,27,25
486.0,K,45,23,31,28,31,24,22,31,30,34
486.0,1,48,38,23,33,33,35,23,27,34,35
486.0,2,40,47,41,22,29,30,33,32,36,39
486.0,3,28,42,45,39,24,29,29,36,33,37
486.0,4,39,29,31,42,29,25,29,32,40,36
486.0,5,38,41,29,31,37,25,20,29,39,36
488.0,K,33,31,32,21,21,26,29,27,30,39
488.0,1,41,36,30,29,20,22,23,30,33,33
488.0,2,35,38,33,28,33,25,21,22,37,31
488.0,3,44,32,30,30,32,29,21,20,35,40
488.0,4,42,43,30,31,33,28,23,22,21,38
488.0,5,47,42,38,27,31,37,31,22,27,22
489.0,K,0,0,0,0,0,0,0,0,0,0
489.0,1,0,0,0,0,0,0,0,0,0,0
489.0,2,0,0,0,0,0,0,1,1,0,0
489.0,3,0,0,0,0,0,0,0,0,0,0
489.0,4,0,0,0,0,0,0,0,0,0,0
489.0,5,0,0,0,0,0,0,0,0,0,0
490.0,K,49,49,39,39,35,31,33,38,39,39
490.0,1,46,48,47,48,54,38,32,39,52,44
490.0,2,45,50,50,46,51,48,40,31,41,53
490.0,3,48,47,52,46,38,44,47,39,35,44
490.0,4,53,40,40,49,40,31,43,46,43,42
490.0,5,51,50,37,42,41,45,29,41,52,44
492.0,K,10,12,20,8,19,11,15,21,10,17
492.0,1,12,20,12,19,12,19,7,16,22,10
492.0,2,5,14,22,12,19,14,20,10,16,22
492.0,3,17,9,11,24,11,16,12,18,13,13
492.0,4,12,18,11,13,15,12,18,12,16,13
492.0,5,10,18,15,12,10,21,17,17,15,16
494.0,K,23,24,20,19,22,20,15,18,22,30
494.0,1,31,25,20,17,20,23,22,17,26,25
494.0,2,23,29,27,22,15,21,24,24,20,26
494.0,3,24,22,27,28,24,17,22,24,28,19
494.0,4,38,25,25,23,23,22,14,19,21,30
494.0,5,33,36,25,29,24,30,25,14,21,21
508.04,K,0,0,0,0,0,0,0,0,0,0
508.04,1,0,0,0,0,0,0,0,0,0,0
508.04,2,0,0,0,0,0,0,0,0,0,0
508.04,3,0,0,0,0,0,0,0,0,0,0
508.04,4,1,0,0,0,0,0,0,0,0,0
508.04,5,0,0,0,0,0,0,0,0,0,0
516.01,K,0,0,1,0,0,0,0,0,0,0
516.01,1,0,0,0,0,0,0,0,0,0,0
516.01,2,0,0,0,0,0,0,0,0,0,0
516.01,3,0,0,0,0,0,0,0,0,0,0
516.01,4,1,1,0,0,0,0,0,0,0,0
516.01,5,1,1,1,0,0,0,0,0,0,0
610.02,K,0,0,0,0,0,0,0,0,0,0
610.02,1,0,0,0,0,0,0,0,0,0,0
610.02,2,0,0,0,0,0,0,0,0,0,0
610.02,3,0,0,0,0,0,0,0,0,0,0
610.02,4,0,0,0,0,0,0,0,0,0,0
610.02,5,0,0,1,0,0,0,0,0,0,0
696.02,K,0,0,0,0,0,0,0,0,0,0
696.02,1,0,0,0,0,0,0,0,0,0,0
696.02,2,0,0,0,0,0,0,0,0,0,0
696.02,3,0,0,0,0,0,0,0,0,0,0
696.02,4,0,0,0,0,0,1,0,0,0,0
696.02,5,0,0,0,0,0,0,1,0,0,0
726.0,K,0,0,0,0,0,0,0,0,0,0
726.0,1,0,0,0,0,0,0,0,0,0,0
726.0,2,0,0,0,0,0,0,0,0,0,0
726.0,3,0,0,0,0,0,0,0,0,0,0
726.0,4,0,0,0,0,0,0,0,0,0,0
726.0,5,0,1,0,0,0,0,0,0,0,0
902.0,K,0,0,0,0,0,1,0,0,0,0
902.0,1,0,0,0,0,0,0,0,0,0,0
902.0,2,0,0,0,0,0,0,0,0,0,0
902.0,3,0,0,0,0,0,0,0,0,0,0
902.0,4,0,0,0,0,0,0,0,0,0,0
902.0,5,0,0,0,0,0,0,0,0,0,0
906.0,K,0,0,0,0,0,0,0,0,0,0
906.0,1,0,0,0,0,0,0,1,0,0,0
906.0,2,0,0,0,0,0,0,0,1,0,0
906.0,3,0,0,0,0,0,0,0,0,0,0
906.0,4,0,0,0,0,0,0,0,0,0,0
906.0,5,0,0,0,0,0,0,0,0,0,0
1144.0,K,0,0,0,0,0,0,0,0,0,0
1144.0,1,0,0,0,0,0,1,0,0,0,0
1144.0,2,0,0,0,0,0,0,0,0,0,0
1144.0,3,0,0,0,0,0,0,0,0,0,0
1144.0,4,0,0,0,0,0,0,0,0,0,0
1144.0,5,0,0,0,0,0,0,0,0,0,0
