,2010 Census Tract,Wht%,Blc%,Ind%,Asn%,Mix%,His%,20002001_0-4,20002001_5-9,20002001_10-14,20012002_0-4,20012002_5-9,20012002_10-14,20022003_0-4,20022003_5-9,20022003_10-14,20032004_0-4,20032004_5-9,20032004_10-14,20042005_0-4,20042005_5-9,20042005_10-14,20052006_0-4,20052006_5-9,20052006_10-14,20062007_0-4,20062007_5-9,20062007_10-14,20072008_0-4,20072008_5-9,20072008_10-14,20082009_0-4,20082009_5-9,20082009_10-14,20092010_0-4,20092010_5-9,20092010_10-14,20102011_0-4,20102011_5-9,20102011_10-14,20112012_0-4,20112012_5-9,20112012_10-14,20122013_0-4,20122013_5-9,20122013_10-14,20132014_0-4,20132014_5-9,20132014_10-14,20142015_0-4,20142015_5-9,20142015_10-14,20152016_0-4,20152016_5-9,20152016_10-14,20162017_0-4,20162017_5-9,20162017_10-14,20172018_0-4,20172018_5-9,20172018_10-14
0,18.0,0.0,0.3333333333333333,0.0,0.0,0.0,0.6666666666666666,-4,-1,1,0,0,0,0,0,0,0,0,0,0,0,0,0,0,0,0,0,0,0,0,0,1.0,0.0,0.0,-1.0,0.0,0.0,0,0,0,0,0,0,0,0,0,0,0,0,0,0,0,0,0,0,0,0,1,0,0,-1
1,20.0,0.02100840336134454,0.012605042016806723,0.0063025210084033615,0.04201680672268908,0.0063025210084033615,0.9096638655462185,4,24,27,3,-4,2,3,-3,-1,5,-2,0,3,-2,-2,-5,5,0,-3,-6,-4,3,6,-2,0.0,2.0,-6.0,-16.0,-15.0,-2.0,1,2,2,1,2,3,2,2,2,0,2,3,1,2,2,1,1,0,0,1,0,1,1,0
2,22.0,0.06924643584521385,0.029531568228105907,0.004073319755600814,0.0824847250509165,0.020366598778004074,0.7871690427698574,20,19,-22,7,-8,2,5,-7,-3,12,-5,-1,5,-3,-4,-11,8,0,-5,-12,-9,6,13,-4,3.0,2.0,-12.0,-38.0,-32.0,-4.0,2,4,5,3,5,4,2,4,5,2,5,5,2,4,5,2,1,0,1,0,-1,0,2,-1
3,30.0,0.5359116022099447,0.024861878453038673,0.0,0.1298342541436464,0.08287292817679558,0.2265193370165746,-16,-9,10,2,-3,2,1,-2,-2,5,-2,0,1,-1,-2,-3,3,0,-2,-5,-4,2,5,-2,1.0,1.0,-4.0,-13.0,-10.0,-2.0,1,2,2,1,0,2,0,2,2,2,2,3,0,1,1,1,0,0,0,1,0,0,0,0
4,34.0,0.5594149908592322,0.0,0.0,0.18647166361974407,0.04753199268738574,0.20658135283363802,20,50,30,5,-6,1,2,-5,-2,7,-3,-1,3,-2,-3,-6,5,0,-4,-7,-6,4,6,-2,2.0,3.0,-6.0,-22.0,-17.0,-2.0,1,3,3,1,2,2,2,3,4,1,2,2,1,2,3,1,0,0,0,1,-1,1,1,0
5,36.0,0.528,0.0112,0.0,0.2192,0.0416,0.1952,62,19,-29,5,-4,1,5,-5,-2,8,-3,-1,5,-2,-2,-9,4,0,-4,-6,-5,5,7,-3,2.0,0.0,-8.0,-29.0,-16.0,-1.0,2,2,3,2,3,3,2,2,2,1,3,4,2,3,3,1,0,-1,0,0,0,1,1,-1
6,38.0,0.6652542372881356,0.00847457627118644,0.0,0.13559322033898305,0.05508474576271186,0.1228813559322034,2,-15,-14,2,-2,0,1,-2,-1,4,-1,0,2,0,-1,-4,1,-1,-1,-2,-2,1,1,-2,1.0,2.0,-2.0,-10.0,-6.0,-1.0,1,1,1,0,0,1,1,1,2,0,2,1,1,1,1,1,0,0,0,0,0,0,-1,0
7,44.0,0.8538283062645011,0.002320185614849188,0.0,0.07424593967517401,0.004640371229698376,0.06496519721577726,90,147,167,3,-4,1,0,-5,-2,5,-2,-2,0,-2,-3,-2,3,0,-2,-5,-7,2,5,-3,0.0,2.0,-7.0,-10.0,-14.0,-2.0,0,1,3,1,3,3,1,1,3,0,2,3,1,3,3,0,0,0,1,1,0,0,-1,0
8,46.0,0.7806691449814126,0.01858736059479554,0.0,0.08178438661710037,0.0037174721189591076,0.10780669144981413,1,15,-1,2,-4,1,1,-2,-1,2,-2,-1,1,-1,-2,-2,2,-1,-2,-3,-3,2,3,-1,1.0,1.0,-4.0,-8.0,-9.0,-1.0,0,1,1,1,2,2,1,1,1,0,1,3,0,1,1,1,1,0,0,0,0,0,1,-1
9,50.0,0.8166666666666667,0.0,0.0,0.05952380952380952,0.023809523809523808,0.09761904761904762,1,52,15,3,-4,1,1,-4,-2,5,-2,0,2,-2,-3,-4,3,1,-2,-5,-6,2,6,-1,1.0,1.0,-6.0,-15.0,-13.0,-1.0,0,2,2,1,2,3,1,2,1,1,1,4,2,3,2,0,0,0,1,0,-1,0,0,0
10,51.0,0.532608695652174,0.04076086956521739,0.0,0.06793478260869565,0.07608695652173914,0.2798913043478261,69,21,-10,5,-4,0,3,-2,0,6,-2,0,4,-1,-1,-6,5,0,-4,-4,-2,4,4,-1,1.0,1.0,-4.0,-21.0,-10.0,0.0,2,1,1,1,2,2,1,2,2,2,2,0,0,1,2,1,0,0,0,1,0,1,0,-1
11,52.01,0.8031088082901554,0.0,0.0051813471502590676,0.02072538860103627,0.06735751295336788,0.10362694300518134,31,2,17,1,-1,1,1,-2,-1,4,-1,-1,1,-1,-1,-3,1,0,-1,-2,-2,1,2,-1,1.0,1.0,-1.0,-9.0,-5.0,-1.0,0,1,2,1,1,0,1,1,1,0,0,2,1,2,0,0,0,0,1,0,0,-1,-1,0
12,52.02,0.7622377622377622,0.0034965034965034965,0.0,0.07692307692307693,0.055944055944055944,0.10139860139860139,38,17,-2,3,-2,1,2,-3,-1,5,-1,-1,2,-1,-1,-4,2,0,-3,-3,-2,3,2,-2,1.0,1.0,-3.0,-16.0,-7.0,0.0,1,1,1,1,1,1,1,1,2,1,2,0,1,0,2,0,1,0,0,-1,0,1,1,-1
13,54.0,0.6244131455399061,0.01643192488262911,0.0,0.12910798122065728,0.028169014084507043,0.20187793427230047,24,19,-1,3,-3,1,3,-3,-2,6,-4,-1,3,-1,-2,-5,3,0,-3,-5,-4,3,5,-2,1.0,1.0,-5.0,-19.0,-12.0,-1.0,1,1,2,1,3,2,1,1,2,2,2,2,1,2,2,0,0,0,1,1,0,0,0,-1
14,56.01,0.7466666666666667,0.0,0.0,0.056666666666666664,0.04666666666666667,0.14666666666666667,-5,-9,18,3,-2,1,1,-3,-1,5,0,0,1,-2,-2,-3,3,1,-3,-3,-3,3,2,-2,1.0,1.0,-3.0,-14.0,-8.0,-1.0,1,2,2,1,0,0,1,2,2,0,1,2,1,1,1,0,0,0,1,-1,-1,0,1,0
15,56.02,0.7156862745098039,0.00980392156862745,0.0,0.11764705882352941,0.03431372549019608,0.12254901960784313,21,32,11,2,-2,0,1,-2,-1,3,-2,0,2,0,0,-3,1,-1,-1,-2,-2,1,3,0,1.0,0.0,-3.0,-10.0,-6.0,0.0,1,0,1,0,2,1,0,0,1,2,1,0,0,2,1,1,0,0,-1,0,1,1,0,0
16,58.0,0.6342975206611571,0.010330578512396695,0.006198347107438017,0.13016528925619836,0.03305785123966942,0.1797520661157025,5,18,31,4,-4,2,3,-3,-1,6,-2,-1,3,-2,-3,-6,5,1,-3,-6,-5,3,5,-2,1.0,1.0,-7.0,-19.0,-15.0,-2.0,1,3,2,1,1,3,2,3,2,0,2,4,2,1,2,0,1,0,1,0,-1,1,0,0
17,60.0,0.5367047308319739,0.01957585644371941,0.0,0.13213703099510604,0.04567699836867863,0.2642740619902121,50,10,29,6,-5,2,4,-4,-1,9,-2,-1,5,-2,-2,-9,4,0,-5,-5,-5,6,7,-3,1.0,0.0,-8.0,-29.0,-17.0,-1.0,2,2,3,2,3,2,2,3,4,1,3,3,1,2,3,1,0,-1,2,1,0,0,0,0
18,62.0,0.6144578313253012,0.008605851979345954,0.0,0.1686746987951807,0.04130808950086059,0.16523235800344235,-68,1,33,4,-5,1,2,-5,-1,7,-3,-2,2,-1,-3,-5,5,1,-3,-7,-6,2,7,-3,2.0,2.0,-9.0,-19.0,-18.0,-2.0,1,3,3,1,2,4,1,2,3,2,2,3,1,3,3,1,1,0,0,1,0,0,0,0
19,64.0,0.6075418994413407,0.015363128491620111,0.0,0.09776536312849161,0.025139664804469275,0.23184357541899442,39,27,69,5,-5,2,4,-7,-3,8,-3,-2,4,-2,-3,-8,5,0,-4,-7,-8,4,7,-4,3.0,4.0,-10.0,-27.0,-22.0,-3.0,2,3,4,2,3,5,1,3,4,2,3,5,1,4,3,1,0,0,1,1,1,0,0,-1
20,66.0,0.577524893314367,0.00995732574679943,0.0,0.08819345661450925,0.04836415362731152,0.2716927453769559,41,8,30,5,-5,2,4,-5,-1,9,-3,-2,4,-2,-3,-8,5,0,-5,-7,-7,5,9,-3,2.0,1.0,-10.0,-27.0,-21.0,-3.0,1,3,4,2,3,3,2,3,4,1,2,4,2,4,4,1,0,0,0,1,0,1,0,-1
21,68.0,0.46127659574468083,0.02553191489361702,0.001702127659574468,0.14297872340425533,0.03914893617021276,0.32085106382978723,-1,78,82,8,-9,4,5,-9,-3,13,-6,-2,6,-3,-6,-12,9,1,-6,-12,-13,7,14,-6,2.0,4.0,-15.0,-40.0,-37.0,-5.0,3,5,7,2,5,6,2,5,6,3,5,6,3,5,7,0,1,0,1,1,0,2,2,0
22,70.0,0.5048309178743962,0.04589371980676329,0.0,0.1497584541062802,0.050724637681159424,0.2463768115942029,-3,7,13,4,-3,1,1,-3,-2,6,-3,-1,2,-1,-3,-4,3,0,-3,-4,-5,2,4,-2,2.0,2.0,-6.0,-16.0,-12.0,-2.0,1,1,3,1,2,2,1,2,3,1,2,2,0,1,3,1,1,-1,0,0,0,1,0,0
23,72.0,0.08350730688935282,0.0020876826722338203,0.0,0.18997912317327767,0.008350730688935281,0.7160751565762005,10,-8,10,3,-3,2,3,-3,-2,5,-3,0,3,0,-2,-5,3,-1,-3,-4,-4,2,5,-3,2.0,2.0,-6.0,-17.0,-14.0,-2.0,1,1,3,1,2,2,1,2,3,1,2,2,1,1,3,1,1,0,0,0,0,0,1,0
24,74.0,0.03058994901675164,0.007283321194464676,0.0007283321194464676,0.20029133284777859,0.013109978150036417,0.7479970866715222,-30,23,6,10,-10,5,5,-9,-2,16,-6,-3,6,-4,-5,-12,11,1,-8,-14,-15,8,17,-6,3.0,5.0,-19.0,-49.0,-45.0,-6.0,3,6,7,3,6,8,3,5,7,3,5,7,3,7,7,1,1,1,2,2,0,1,2,0
25,75.0,0.7133152173913043,0.014945652173913044,0.0,0.029891304347826088,0.08967391304347826,0.13994565217391305,97,29,32,7,-6,1,5,-5,-1,11,-3,0,5,-2,-4,-10,7,2,-6,-8,-6,6,10,-2,3.0,0.0,-9.0,-36.0,-20.0,-1.0,2,3,3,2,3,3,3,3,4,2,4,3,2,3,4,1,0,-1,1,1,0,0,0,-1
26,76.0,0.04308617234468938,0.0070140280561122245,0.004008016032064128,0.12124248496993988,0.01002004008016032,0.7995991983967936,-21,-16,-26,8,-7,3,5,-8,-2,13,-4,-2,6,-2,-4,-12,8,1,-6,-10,-10,7,11,-4,2.0,2.0,-15.0,-40.0,-31.0,-4.0,2,4,5,3,4,5,2,5,5,3,4,6,2,3,4,1,2,1,1,1,-1,2,1,1
27,78.0,0.02966432474629196,0.02263856362217018,0.00234192037470726,0.07572209211553474,0.01249024199843872,0.8548009367681498,-55,-67,20,10,-9,4,5,-8,-2,15,-6,-2,6,-3,-6,-12,9,1,-8,-13,-13,8,15,-6,3.0,4.0,-17.0,-46.0,-39.0,-7.0,2,5,7,3,5,7,3,5,7,3,5,6,3,5,7,1,1,0,1,2,0,1,2,0
28,80.0,0.0556640625,0.0166015625,0.001953125,0.0439453125,0.0078125,0.8671875,-57,19,46,6,-8,4,5,-7,-2,12,-5,-2,5,-2,-4,-10,8,0,-5,-10,-11,5,12,-5,2.0,4.0,-15.0,-36.0,-33.0,-4.0,3,5,6,2,4,6,2,4,5,2,5,6,2,3,7,1,2,-1,1,1,0,1,1,0
29,82.0,0.07192118226600985,0.03251231527093596,0.0019704433497536944,0.06896551724137931,0.009852216748768473,0.812807881773399,-31,-82,0,8,-7,3,5,-6,-2,11,-4,-1,6,-3,-5,-11,7,1,-6,-9,-11,6,12,-4,3.0,2.0,-14.0,-37.0,-30.0,-5.0,2,4,5,2,4,5,3,4,7,2,3,5,3,5,5,0,1,1,2,1,-1,0,0,0
30,90.0,0.07528230865746549,0.015056461731493099,0.0012547051442910915,0.4203262233375157,0.0012547051442910915,0.48306148055207027,54,19,10,7,-6,1,4,-4,0,10,-4,-1,6,-3,-3,-10,7,0,-5,-7,-6,5,10,-2,3.0,1.0,-11.0,-35.0,-24.0,-2.0,3,3,4,2,3,3,2,3,3,2,3,4,2,4,3,1,0,0,1,1,0,1,2,1
31,94.0,0.17494600431965443,0.005759539236861051,0.0028797696184305254,0.6090712742980562,0.012239020878329733,0.19222462203023757,122,99,-24,12,-12,4,6,-10,-3,18,-6,-1,7,-5,-6,-15,12,1,-9,-14,-13,9,18,-6,4.0,2.0,-19.0,-55.0,-45.0,-4.0,3,6,6,4,6,7,3,6,7,4,6,7,3,6,6,2,2,0,0,2,1,2,1,0
32,96.0,0.05488194001276324,0.008296107211231652,0.004467134652201659,0.2635609444798979,0.01148691767708998,0.6534779834077856,36,-1,-39,12,-11,5,9,-10,-2,20,-8,-3,10,-3,-6,-18,13,2,-10,-16,-15,10,19,-5,5.0,5.0,-19.0,-65.0,-49.0,-6.0,4,6,8,4,7,7,4,6,8,4,7,7,4,7,8,1,1,0,2,2,-1,2,3,0
33,98.0,0.041578947368421056,0.007894736842105263,0.0015789473684210526,0.3742105263157895,0.013157894736842105,0.5610526315789474,87,18,109,16,-13,7,9,-12,-2,25,-7,-2,10,-5,-8,-20,15,1,-13,-18,-18,12,23,-9,6.0,5.0,-27.0,-77.0,-57.0,-8.0,5,8,10,4,7,10,5,7,10,4,7,10,5,7,10,2,3,0,3,2,1,1,2,0
34,100.0,0.07248157248157248,0.006142506142506142,0.0012285012285012285,0.4987714987714988,0.012899262899262898,0.4023341523341523,13,-40,-50,12,-11,4,7,-12,-3,20,-8,-3,9,-4,-6,-17,11,0,-10,-16,-16,10,19,-7,4.0,5.0,-21.0,-61.0,-52.0,-7.0,4,6,8,4,7,8,3,7,8,4,7,8,4,6,8,1,2,0,2,2,0,1,2,1
35,102.0,0.02972560975609756,0.009908536585365854,0.0,0.6463414634146342,0.01676829268292683,0.2942073170731707,141,80,17,11,-10,4,7,-9,-1,17,-6,-2,9,-4,-5,-16,11,1,-9,-14,-11,10,17,-5,3.0,2.0,-16.0,-55.0,-42.0,-5.0,3,6,6,4,5,6,3,6,6,4,5,6,3,6,5,1,2,0,1,2,0,2,1,1
36,104.0,0.05829596412556054,0.01046337817638266,0.0029895366218236174,0.8423019431988041,0.023168908819133034,0.06278026905829596,24,76,81,10,-10,3,6,-11,-3,17,-7,-3,6,-4,-6,-13,11,0,-8,-14,-13,7,17,-6,5.0,5.0,-17.0,-51.0,-43.0,-4.0,3,6,7,3,5,7,3,6,7,3,6,6,3,5,7,2,2,1,1,1,-1,2,2,0
37,106.0,0.024260803639120546,0.003032600454890068,0.003032600454890068,0.8347232752084913,0.006065200909780136,0.12661106899166036,-1,-57,46,9,-10,4,7,-9,-3,15,-6,-2,7,-4,-6,-13,9,0,-9,-13,-14,9,15,-6,3.0,5.0,-18.0,-49.0,-38.0,-5.0,3,4,7,3,6,7,3,5,7,3,4,7,3,6,7,1,1,0,2,2,1,0,1,-1
38,108.0,0.06978588421887391,0.004758128469468675,0.0,0.7589214908802537,0.008723235527359239,0.1578112609040444,82,102,-24,11,-10,3,6,-9,-2,18,-7,-2,8,-3,-5,-16,11,1,-8,-14,-11,9,16,-5,3.0,3.0,-15.0,-53.0,-41.0,-4.0,4,6,6,3,5,5,3,5,6,3,6,6,4,5,6,1,2,-1,1,1,0,2,2,1
39,110.0,0.18882175226586104,0.015105740181268883,0.0,0.2311178247734139,0.0075528700906344415,0.5574018126888217,60,63,44,5,-5,2,3,-4,-1,8,-3,-1,3,-2,-3,-6,5,1,-4,-6,-6,3,8,-3,3.0,3.0,-9.0,-26.0,-22.0,-3.0,1,3,3,2,3,4,2,2,3,1,4,4,1,2,3,1,1,1,1,1,0,0,1,-1
40,114.0,0.7074829931972789,0.023809523809523808,0.0,0.13690476190476192,0.017006802721088437,0.10374149659863946,71,85,-24,9,-9,2,6,-9,-2,14,-7,-2,6,-4,-5,-12,10,0,-8,-11,-10,8,14,-6,3.0,2.0,-16.0,-45.0,-38.0,-3.0,3,6,6,3,6,6,3,5,6,2,5,6,3,6,7,1,1,-1,1,1,0,1,1,-1
41,116.0,0.10194902548725637,0.0007496251874062968,0.0007496251874062968,0.7811094452773614,0.008995502248875561,0.09745127436281859,72,159,100,11,-11,4,6,-11,-2,16,-8,-2,7,-4,-6,-14,13,1,-8,-15,-13,8,17,-5,4.0,5.0,-17.0,-50.0,-43.0,-3.0,3,6,7,3,6,6,3,6,7,3,6,7,3,6,6,1,2,0,1,1,-1,2,2,1
42,118.0,0.06486486486486487,0.0018018018018018018,0.0,0.8162162162162162,0.010810810810810811,0.1045045045045045,47,58,21,4,-4,1,2,-4,-1,7,-3,-1,3,-1,-3,-6,4,1,-3,-5,-6,3,7,-3,2.0,1.0,-6.0,-21.0,-16.0,-2.0,2,2,3,1,3,3,1,2,3,1,2,2,2,2,3,0,0,0,1,1,1,0,1,0
43,120.0,0.05466237942122187,0.0,0.0,0.8038585209003215,0.0,0.1414790996784566,-3,29,10,2,-2,1,2,-3,-1,3,-2,0,1,-1,-2,-3,3,0,-1,-4,-3,1,4,-1,1.0,2.0,-4.0,-10.0,-11.0,-1.0,1,1,2,0,2,1,1,1,1,0,1,2,1,2,2,0,0,0,1,1,0,0,0,0
44,122.0,0.075037147102526,0.004457652303120356,0.0007429420505200594,0.3707280832095097,0.005200594353640416,0.5430906389301634,58,18,16,10,-10,4,7,-10,-2,16,-6,-3,6,-4,-5,-13,11,1,-9,-14,-13,9,17,-6,3.0,3.0,-18.0,-50.0,-41.0,-5.0,3,6,7,3,5,6,3,6,7,3,5,7,4,5,6,1,1,0,1,2,1,2,2,-1
45,126.0,0.40649149922720246,0.030911901081916538,0.0,0.2921174652241113,0.05409582689335394,0.2117465224111283,186,219,187,4,-5,2,3,-4,-2,7,-4,0,3,-2,-4,-6,5,0,-3,-7,-6,3,8,-3,2.0,3.0,-9.0,-22.0,-22.0,-2.0,1,3,3,1,3,4,2,2,3,1,3,3,1,3,4,1,1,0,0,1,0,1,0,0
46,128.01,0.24888888888888888,0.008888888888888889,0.0,0.6222222222222222,0.02666666666666667,0.09333333333333334,15,-11,32,3,-4,1,2,-3,-1,6,-1,-1,2,-1,-3,-5,2,1,-3,-4,-6,3,4,-2,2.0,2.0,-6.0,-18.0,-12.0,-2.0,1,2,3,1,1,2,1,1,3,1,3,3,1,0,2,1,2,0,0,0,-1,0,0,0
47,130.0,0.4652711703139867,0.013320647002854425,0.0,0.15128449096098953,0.05042816365366318,0.31303520456707895,25,-1,23,7,-7,4,5,-8,-3,13,-5,-2,4,-3,-6,-9,8,1,-7,-10,-11,6,12,-6,3.0,3.0,-16.0,-38.0,-31.0,-4.0,3,4,7,2,5,5,2,4,6,2,4,6,2,4,7,1,1,0,2,1,0,0,0,-1
48,132.0,0.43399638336347196,0.003616636528028933,0.0,0.37613019891500904,0.0216998191681736,0.16455696202531644,-25,-5,56,4,-3,2,1,-5,-2,6,-3,-2,2,-1,-3,-4,3,0,-3,-5,-7,2,6,-3,2.0,2.0,-8.0,-17.0,-15.0,-3.0,1,2,4,1,2,3,1,2,3,1,2,4,1,1,3,1,2,0,0,0,0,0,0,0
49,134.0,0.592326139088729,0.02158273381294964,0.0,0.1366906474820144,0.047961630695443645,0.2014388489208633,-5,31,38,4,-7,2,4,-8,-2,8,-5,-2,4,-3,-4,-7,7,0,-5,-10,-8,5,11,-4,2.0,4.0,-12.0,-27.0,-29.0,-2.0,2,4,5,1,3,4,2,4,4,1,5,5,2,4,5,1,1,-1,1,1,0,1,0,-1
50,136.0,0.6176470588235294,0.003676470588235294,0.0012254901960784314,0.11029411764705882,0.04411764705882353,0.2193627450980392,17,6,49,5,-6,2,4,-6,-2,9,-5,-2,3,-2,-5,-7,7,1,-4,-9,-9,4,9,-4,2.0,3.0,-12.0,-28.0,-24.0,-3.0,2,4,5,2,3,4,1,2,5,2,3,5,1,4,4,1,0,0,1,2,0,1,0,0
51,138.0,0.6629422718808193,0.0111731843575419,0.00186219739292365,0.09683426443202979,0.024208566108007448,0.19925512104283055,6,2,-1,5,-4,1,3,-4,-1,6,-2,-1,4,-3,-3,-6,4,0,-4,-5,-6,4,5,-3,1.0,2.0,-8.0,-21.0,-16.0,-3.0,1,2,3,1,2,4,2,3,2,1,2,3,2,2,4,0,1,0,0,0,-1,1,0,0
52,140.0,0.7485380116959064,0.008771929824561403,0.0,0.09649122807017543,0.02631578947368421,0.11988304093567251,-31,18,40,2,-4,1,1,-2,-2,3,-2,-1,2,-1,-3,-3,3,0,-2,-5,-5,1,5,-2,2.0,1.0,-6.0,-11.0,-10.0,-1.0,1,1,2,0,2,3,1,2,2,1,0,3,0,2,3,1,0,-1,0,1,0,0,0,0
53,142.0,0.589041095890411,0.02054794520547945,0.003424657534246575,0.13184931506849315,0.0410958904109589,0.2089041095890411,0,-2,43,4,-4,2,3,-4,-2,7,-3,-2,3,-2,-3,-6,4,0,-3,-6,-7,3,7,-3,2.0,0.0,-9.0,-23.0,-16.0,-3.0,2,3,3,1,2,4,1,1,3,2,3,4,1,2,3,0,0,0,1,1,0,1,0,0
54,148.0,0.7899543378995434,0.0,0.0,0.1004566210045662,0.0091324200913242,0.1004566210045662,-3,21,7,2,-2,1,1,-2,-1,2,-2,0,1,-1,-2,-2,2,1,-1,-3,-3,1,2,-1,1.0,1.0,-2.0,-7.0,-7.0,-1.0,0,1,1,0,1,2,1,2,1,0,0,0,1,2,1,0,-1,0,0,1,0,1,0,0
55,150.0,0.7,0.0,0.0,0.1793103448275862,0.020689655172413793,0.1,6,21,59,3,-3,1,1,-3,-2,2,-1,-1,2,-1,-1,-3,2,-1,-1,-3,-3,1,3,-3,1.0,1.0,-3.0,-10.0,-8.0,-1.0,0,1,2,1,2,2,1,1,2,1,1,1,0,1,3,1,1,-1,0,-1,0,0,1,-1
56,152.0,0.6159420289855072,0.0024154589371980675,0.0,0.18115942028985507,0.04589371980676329,0.15217391304347827,138,133,121,3,-3,0,2,-4,-1,5,-2,-1,2,-2,-3,-4,4,1,-3,-5,-4,3,5,-3,1.0,2.0,-5.0,-16.0,-13.0,-1.0,1,2,2,1,2,3,1,2,1,1,1,3,1,2,2,1,1,0,0,0,0,0,0,0
57,160.0,0.48014018691588783,0.035046728971962614,0.0011682242990654205,0.21378504672897197,0.028037383177570093,0.2324766355140187,-41,-51,47,6,-5,2,4,-7,-2,8,-4,-2,4,-2,-4,-7,6,1,-5,-8,-10,4,10,-4,3.0,2.0,-14.0,-29.0,-26.0,-3.0,2,4,5,2,3,5,2,4,5,1,3,5,1,3,5,2,1,-1,0,1,1,1,1,-1
58,162.0,0.5363636363636364,0.05757575757575758,0.0,0.11818181818181818,0.05757575757575758,0.21212121212121213,42,17,3,3,-3,1,2,-2,-1,5,-2,-1,1,-2,-2,-4,4,1,-1,-4,-4,2,4,-2,1.0,1.0,-3.0,-14.0,-10.0,-1.0,1,1,1,1,1,2,0,2,2,1,2,1,1,1,2,1,0,0,0,0,0,0,0,0
59,164.0,0.24242424242424243,0.2222222222222222,0.010101010101010102,0.050505050505050504,0.0707070707070707,0.3939393939393939,-22,-44,-53,4,-2,1,1,-2,-1,5,-2,0,2,-1,-1,-4,4,1,-2,-2,-2,2,4,-1,1.0,0.0,-3.0,-14.0,-8.0,0.0,1,1,1,1,1,2,0,2,1,2,1,1,0,1,1,1,1,0,0,0,0,0,0,0
60,166.0,0.8675324675324675,0.0,0.0025974025974025974,0.05194805194805195,0.01818181818181818,0.05974025974025974,80,118,142,2,-3,2,1,-4,-2,3,-1,-1,1,-2,-3,-2,2,-1,-2,-4,-6,1,4,-2,1.0,1.0,-6.0,-9.0,-11.0,-2.0,0,2,3,1,1,2,1,2,3,1,1,2,0,1,3,0,1,-1,0,0,1,1,0,0
61,168.0,0.5747126436781609,0.0,0.0038314176245210726,0.2796934865900383,0.01532567049808429,0.11494252873563218,-12,50,46,2,-3,1,0,-4,-1,3,-1,-1,0,-1,-2,-2,2,0,0,-4,-3,1,4,-3,0.0,2.0,-3.0,-7.0,-10.0,-1.0,0,1,2,0,2,2,1,1,1,0,1,2,2,2,1,-1,0,0,0,1,0,0,-1,0
62,170.0,0.45816186556927296,0.00411522633744856,0.0027434842249657062,0.4101508916323731,0.019204389574759947,0.1056241426611797,21,40,130,5,-6,2,3,-5,-2,7,-4,-3,4,-3,-5,-6,6,1,-4,-7,-10,3,7,-4,2.0,3.0,-11.0,-24.0,-19.0,-2.0,2,3,5,1,2,5,1,4,5,2,2,5,1,3,5,1,1,-1,0,0,0,1,1,-1
63,172.0,0.4065573770491803,0.004918032786885246,0.0,0.4081967213114754,0.029508196721311476,0.14918032786885246,-14,2,56,4,-5,3,2,-5,-3,5,-2,-2,3,-3,-5,-5,4,0,-3,-6,-8,3,6,-4,2.0,4.0,-9.0,-18.0,-17.0,-3.0,1,2,4,1,2,5,1,3,3,1,2,5,2,2,3,-1,0,0,1,1,0,1,1,1
64,174.0,0.47989276139410186,0.0,0.002680965147453083,0.3699731903485255,0.01876675603217158,0.128686327077748,9,11,33,2,-2,1,1,-3,-2,5,-3,-1,1,0,-2,-3,2,0,-2,-3,-5,2,4,-3,1.0,1.0,-4.0,-13.0,-10.0,-2.0,1,1,2,0,2,3,2,1,3,0,2,1,1,1,3,1,1,1,0,0,-1,0,0,0
65,176.0,0.40425531914893614,0.014184397163120567,0.0,0.33569739952718675,0.026004728132387706,0.2198581560283688,5,43,-1,3,-4,1,3,-4,-1,5,-2,-1,2,-2,-2,-4,4,0,-3,-5,-4,2,5,-2,1.0,2.0,-6.0,-15.0,-14.0,-1.0,1,2,2,1,2,2,0,2,2,2,1,3,0,3,2,1,0,-1,0,0,1,1,0,-1
66,178.0,0.3272425249169435,0.0049833887043189366,0.0,0.4053156146179402,0.024916943521594685,0.23255813953488372,45,29,7,4,-5,2,3,-4,-2,6,-3,-1,4,-2,-3,-6,4,0,-4,-7,-7,4,7,-3,2.0,2.0,-8.0,-23.0,-18.0,-3.0,1,3,4,2,2,3,2,2,4,0,4,3,2,2,4,0,0,-1,1,1,0,0,1,0
67,180.0,0.3489010989010989,0.0013736263736263737,0.0013736263736263737,0.3557692307692308,0.017857142857142856,0.2733516483516483,36,67,97,5,-7,2,3,-5,-2,7,-4,-2,2,-2,-4,-6,5,-1,-3,-7,-8,4,8,-5,1.0,3.0,-11.0,-23.0,-22.0,-3.0,2,3,4,1,3,6,1,3,4,2,2,5,1,4,4,0,0,0,1,1,0,0,1,0
68,182.0,0.24635332252836303,0.004862236628849271,0.0,0.5899513776337115,0.022690437601296597,0.13452188006482982,44,28,-4,4,-4,1,3,-4,-1,7,-3,-2,3,-2,-4,-5,4,0,-5,-6,-7,4,6,-4,2.0,2.0,-10.0,-22.0,-16.0,-3.0,2,2,4,1,2,4,1,2,4,1,3,4,2,2,4,0,0,-1,1,1,0,1,0,0
69,184.0,0.5400516795865633,0.0,0.0,0.3875968992248062,0.020671834625323,0.04909560723514212,-30,32,53,2,-3,1,1,-3,-2,3,-2,-2,2,0,-3,-3,2,0,-2,-4,-6,2,4,-3,1.0,2.0,-5.0,-10.0,-11.0,-3.0,0,2,3,1,1,3,0,1,3,1,2,2,1,1,3,1,1,1,0,0,-1,0,0,0
70,186.0,0.40397350993377484,0.011037527593818985,0.0,0.48123620309050774,0.013245033112582781,0.08830022075055188,7,45,30,2,-4,1,2,-4,-1,5,-2,-2,2,-2,-3,-4,3,0,-3,-5,-5,3,6,-3,1.0,3.0,-5.0,-13.0,-15.0,-2.0,1,2,3,1,2,2,1,2,3,0,2,3,1,2,2,0,0,1,1,1,-1,0,1,0
71,188.0,0.4461839530332681,0.0,0.0,0.37573385518590996,0.003913894324853229,0.16829745596868884,27,-15,30,4,-3,1,2,-3,-2,6,-4,-1,3,-1,-2,-5,3,0,-3,-4,-5,3,4,-4,2.0,3.0,-5.0,-19.0,-14.0,-2.0,1,1,3,1,3,2,1,2,3,2,1,2,1,2,4,0,0,-1,0,2,0,1,-1,0
72,190.0,0.2591206735266604,0.005612722170252572,0.0009354536950420954,0.3882132834424696,0.01777362020579981,0.3208606173994387,-16,26,59,7,-9,4,5,-8,-3,11,-5,-3,5,-3,-6,-10,7,0,-5,-11,-13,5,13,-4,2.0,4.0,-16.0,-35.0,-33.0,-5.0,3,5,6,2,4,7,2,3,6,2,5,6,2,4,6,1,2,0,1,0,0,1,2,0
73,192.0,0.6225026288117771,0.006309148264984227,0.0,0.19978969505783387,0.02103049421661409,0.14300736067297581,70,69,118,7,-7,3,5,-6,-2,12,-6,-1,4,-2,-5,-10,6,-1,-5,-8,-7,5,11,-6,3.0,6.0,-10.0,-36.0,-29.0,-3.0,2,4,5,2,3,5,2,4,5,2,3,5,3,4,4,1,2,1,0,1,0,1,1,0
74,194.0,0.1902587519025875,0.0015220700152207,0.0,0.5799086757990868,0.0228310502283105,0.1963470319634703,8,26,51,4,-4,2,3,-5,-2,9,-3,-1,3,-1,-3,-7,3,0,-4,-6,-8,4,7,-3,2.0,3.0,-9.0,-25.0,-19.0,-3.0,2,2,3,1,3,5,1,3,3,2,2,4,2,3,4,0,0,0,1,1,0,1,1,-1
75,196.0,0.31425364758698093,0.003367003367003367,0.0,0.4163860830527497,0.012345679012345678,0.25252525252525254,73,73,23,6,-7,2,5,-8,-2,11,-5,-2,5,-3,-4,-9,7,0,-6,-11,-8,5,12,-5,3.0,4.0,-10.0,-35.0,-30.0,-3.0,2,4,5,3,4,4,1,4,4,3,4,4,2,4,5,1,2,-1,1,0,1,0,2,0
76,198.0,0.5198776758409785,0.0,0.0,0.21712538226299694,0.012232415902140673,0.24770642201834864,-23,26,14,1,-3,1,2,-3,-1,2,-2,-1,1,-1,-3,-2,2,1,-1,-3,-5,2,3,-2,0.0,2.0,-5.0,-9.0,-11.0,-1.0,0,1,2,1,2,2,0,1,2,1,2,2,1,2,2,0,-1,0,1,1,0,-1,0,0
77,200.0,0.5211538461538462,0.0,0.0038461538461538464,0.24807692307692308,0.009615384615384616,0.21346153846153845,48,60,39,3,-4,1,3,-4,-1,5,-3,-1,3,-2,-3,-5,4,0,-3,-5,-4,4,6,-3,0.0,2.0,-6.0,-18.0,-16.0,-2.0,2,3,3,1,2,2,1,1,3,1,3,2,1,2,3,1,0,0,-1,1,0,1,1,0
78,202.0,0.6605263157894737,0.002631578947368421,0.0,0.21842105263157896,0.015789473684210527,0.1,8,40,4,3,-3,1,2,-4,-1,4,-2,-1,1,-2,-2,-3,3,-1,-2,-5,-4,2,5,-1,0.0,3.0,-5.0,-12.0,-13.0,-1.0,1,2,2,0,2,2,1,1,2,1,2,2,0,1,3,1,1,0,1,1,-1,0,-1,0
79,204.0,0.7396449704142012,0.0,0.0029585798816568047,0.1301775147928994,0.008875739644970414,0.11834319526627218,-37,-26,26,2,-3,1,2,-2,-2,3,-3,-1,2,-1,-2,-4,3,-1,-1,-4,-5,2,3,-2,0.0,2.0,-4.0,-10.0,-9.0,-2.0,0,1,3,1,1,1,0,2,3,1,1,3,1,2,1,0,-1,0,1,1,0,0,0,0
80,206.0,0.6560509554140127,0.0,0.0,0.14861995753715498,0.01910828025477707,0.1762208067940552,10,11,20,3,-4,1,3,-3,-2,4,-3,-1,2,-1,-2,-3,3,-1,-3,-5,-5,2,5,-3,1.0,2.0,-6.0,-15.0,-14.0,-2.0,1,2,3,1,2,3,1,1,3,1,3,2,1,2,3,0,0,-1,1,0,0,0,1,0
81,207.0,0.42679127725856697,0.29127725856697817,0.0,0.029595015576323987,0.1059190031152648,0.12461059190031153,24,-24,-88,6,-5,1,4,-5,-1,10,-3,-1,4,-2,-2,-8,7,2,-5,-8,-6,5,8,-1,2.0,0.0,-9.0,-31.0,-19.0,-1.0,2,3,3,2,3,2,2,3,3,2,3,3,2,2,2,0,1,0,1,0,0,0,0,0
82,208.0,0.2894308943089431,0.0,0.0,0.5430894308943089,0.027642276422764227,0.13658536585365855,22,51,16,4,-5,2,2,-5,-2,6,-4,-1,3,-2,-4,-6,4,0,-3,-6,-7,3,7,-4,2.0,3.0,-7.0,-19.0,-19.0,-3.0,1,2,3,1,3,4,1,3,3,1,1,4,1,4,4,2,0,0,-1,1,-1,2,1,-1
83,210.0,0.30963302752293576,0.0045871559633027525,0.0,0.5561926605504587,0.005733944954128441,0.12041284403669725,56,97,101,6,-7,2,3,-8,-2,10,-4,-3,3,-3,-4,-7,7,-1,-5,-10,-8,5,10,-5,2.0,3.0,-11.0,-29.0,-27.0,-3.0,2,4,5,2,3,4,1,4,5,2,4,4,2,3,5,0,1,0,1,1,0,1,1,0
84,212.0,0.17759562841530055,0.004553734061930784,0.0,0.668488160291439,0.017304189435336976,0.1302367941712204,59,138,157,8,-9,4,4,-9,-4,10,-5,-2,6,-3,-5,-10,8,0,-6,-11,-12,5,13,-6,3.0,5.0,-14.0,-34.0,-35.0,-4.0,2,4,6,2,5,6,2,5,6,2,4,6,2,4,7,1,2,0,2,2,-1,0,1,0
85,214.0,0.6509803921568628,0.0,0.0,0.27712418300653596,0.011764705882352941,0.05751633986928104,111,82,44,6,-5,3,4,-5,-2,10,-5,0,4,-1,-4,-9,5,0,-4,-6,-6,5,8,-3,3.0,4.0,-10.0,-32.0,-23.0,-1.0,2,3,4,2,3,3,2,3,4,1,4,3,2,2,4,2,2,1,0,0,-1,1,1,0
86,216.0,0.8962371721778791,0.002280501710376283,0.0,0.06727480045610035,0.007411630558722919,0.026795895096921322,143,133,121,13,-13,6,8,-12,-3,21,-9,-4,8,-5,-9,-18,14,1,-10,-14,-13,11,21,-9,4.0,10.0,-21.0,-64.0,-50.0,-2.0,3,7,9,4,6,9,4,7,10,4,7,8,5,7,9,1,2,1,2,3,0,1,2,0
87,218.0,0.9215205395462907,0.001226241569589209,0.0018393623543838135,0.020846106683016553,0.001226241569589209,0.05334150827713059,117,35,53,13,-11,5,9,-11,-3,21,-8,-3,10,-5,-8,-19,11,1,-11,-11,-12,11,18,-8,6.0,7.0,-19.0,-69.0,-45.0,-4.0,4,6,8,4,6,8,4,6,8,5,7,8,4,5,9,2,2,-1,2,2,1,1,3,0
88,220.0,0.914161008729389,0.0033947623666343357,0.00048496605237633366,0.03297769156159069,0.004364694471387003,0.04267701260911736,201,206,162,18,-14,7,10,-14,-4,29,-11,-3,13,-5,-8,-25,15,-1,-14,-15,-13,14,23,-10,7.0,10.0,-23.0,-90.0,-61.0,-4.0,5,8,9,6,8,11,5,9,9,6,9,10,5,7,9,2,4,0,3,2,1,3,3,0
89,221.0,0.023931623931623933,0.7572649572649572,0.0,0.015384615384615385,0.037606837606837605,0.15555555555555556,-118,-158,-77,4,-5,2,3,-4,0,7,-2,-1,2,-2,-3,-5,6,1,-4,-7,-8,4,8,-3,1.0,0.0,-10.0,-20.0,-19.0,-4.0,1,3,4,1,2,3,2,2,4,1,2,4,1,3,4,1,0,-1,0,1,0,0,1,0
90,222.0,0.908234126984127,0.001488095238095238,0.0,0.015873015873015872,0.00496031746031746,0.06746031746031746,207,168,37,18,-15,5,11,-14,-3,27,-12,-4,13,-6,-8,-25,16,1,-13,-15,-13,13,23,-9,7.0,11.0,-21.0,-88.0,-61.0,-3.0,6,8,9,5,9,9,5,8,9,5,9,9,6,9,9,2,2,1,3,3,-1,2,3,1
91,228.0,0.6523076923076923,0.006923076923076923,0.004615384615384616,0.18461538461538463,0.023076923076923078,0.12538461538461537,-34,57,46,8,-10,5,6,-9,-1,14,-6,-2,7,-3,-6,-13,10,0,-7,-11,-10,8,17,-6,3.0,6.0,-17.0,-46.0,-41.0,-3.0,3,5,6,3,6,7,3,5,8,2,5,6,3,5,6,1,2,1,1,2,0,2,2,0
92,230.0,0.7976791120080726,0.008072653884964682,0.0005045408678102926,0.03834510595358224,0.01160443995963673,0.1437941473259334,182,147,95,16,-15,7,11,-12,-3,26,-10,-4,11,-5,-7,-23,16,1,-13,-14,-14,14,23,-8,6.0,8.0,-25.0,-83.0,-57.0,-3.0,5,7,9,5,8,10,5,8,10,5,8,8,5,7,10,2,3,1,2,3,0,3,3,0
93,232.0,0.9084507042253521,0.0019561815336463224,0.0,0.044209702660406885,0.006651017214397496,0.03834115805946792,181,154,-33,20,-18,8,13,-18,-4,35,-13,-5,14,-8,-11,-28,20,1,-17,-19,-17,16,30,-12,8.0,12.0,-27.0,-106.0,-73.0,-3.0,7,10,12,6,10,12,6,11,12,7,10,12,6,10,12,3,3,1,2,4,0,3,4,0
94,234.0,0.9795062878435026,0.0018630647414997672,0.0,0.002328830926874709,0.004191895668374476,0.009315323707498836,330,148,79,23,-14,5,15,-13,-3,37,-11,-4,16,-6,-7,-32,16,1,-18,-15,-12,18,22,-9,9.0,7.0,-21.0,-116.0,-59.0,-4.0,7,9,8,7,8,9,7,8,9,7,9,9,8,8,8,3,2,0,2,3,1,3,3,0
95,236.0,0.9469530907496712,0.00131521262604121,0.0017536168347216134,0.03814116615519509,0.00394563787812363,0.006137658921525646,440,199,38,27,-15,6,17,-16,-3,44,-12,-4,18,-6,-6,-37,19,2,-22,-16,-10,21,23,-8,11.0,6.0,-20.0,-137.0,-67.0,-4.0,8,10,8,9,10,7,8,9,8,8,10,8,9,9,7,3,3,1,3,3,-1,4,2,1
96,238.0,0.9717237629146275,0.0,0.0,0.0032626427406199023,0.004350190320826536,0.02011963023382273,184,147,64,18,-13,4,12,-13,-2,30,-9,-3,13,-6,-8,-26,14,1,-15,-15,-11,16,19,-8,7.0,7.0,-18.0,-94.0,-53.0,-5.0,6,7,7,5,8,9,6,8,7,6,7,8,5,9,8,3,1,-1,3,2,1,1,2,-1
97,240.0,0.9576365663322185,0.002787068004459309,0.0,0.011148272017837236,0.0039018952062430325,0.024526198439241916,308,195,-14,19,-13,4,12,-12,-3,31,-10,-3,13,-6,-6,-26,16,1,-16,-14,-11,16,19,-7,6.0,3.0,-21.0,-95.0,-51.0,-2.0,6,8,8,6,8,7,5,8,8,7,7,7,5,8,8,2,2,0,3,1,-1,3,2,0
98,242.0,0.9306157849089333,0.0,0.0,0.028620988725065046,0.0008673026886383347,0.0398959236773634,56,107,10,9,-8,4,6,-8,-1,14,-5,-3,7,-5,-5,-13,8,-1,-7,-9,-9,8,13,-5,3.0,7.0,-14.0,-46.0,-36.0,-4.0,2,5,6,3,5,6,3,4,6,3,4,6,3,5,5,1,1,1,1,2,0,2,2,0
99,244.0,0.8390438247011952,0.0007968127490039841,0.0,0.07808764940239044,0.004780876494023904,0.07410358565737052,165,154,136,10,-9,4,5,-9,-2,16,-7,-2,7,-3,-6,-14,10,1,-8,-10,-10,9,15,-7,3.0,7.0,-15.0,-48.0,-39.0,-2.0,3,6,6,3,5,7,3,6,6,2,5,7,4,5,7,1,1,-1,1,2,1,1,2,0
100,246.0,0.7000964320154291,0.006750241080038573,0.0019286403085824494,0.20250723240115717,0.003857280617164899,0.08389585342333655,176,169,156,8,-8,3,5,-8,-3,13,-6,-2,6,-4,-5,-12,9,1,-6,-9,-9,7,12,-5,3.0,5.0,-13.0,-41.0,-31.0,-1.0,3,4,5,2,5,5,2,4,5,2,4,6,3,5,5,1,1,0,1,2,0,1,0,-1
101,248.0,0.51875,0.0046875,0.0,0.3609375,0.00625,0.109375,58,60,82,5,-5,2,3,-5,-2,8,-3,-2,3,-2,-4,-6,5,1,-4,-6,-8,4,7,-3,1.0,2.0,-9.0,-24.0,-19.0,-3.0,1,2,4,2,3,3,1,2,5,2,3,3,1,3,4,1,1,0,1,0,0,0,1,0
102,250.0,0.13714285714285715,0.011428571428571429,0.0,0.6657142857142857,0.011428571428571429,0.1742857142857143,14,11,14,2,-2,1,2,-3,-1,4,-3,-2,2,0,-1,-4,2,0,-1,-4,-4,1,4,-2,2.0,2.0,-6.0,-13.0,-11.0,-1.0,1,2,2,1,1,2,0,1,2,1,2,2,1,0,2,0,1,0,0,1,0,0,0,0
103,252.0,0.3567567567567568,0.005405405405405406,0.0,0.4227027027027027,0.018378378378378378,0.19567567567567568,23,46,-10,7,-6,2,5,-9,-2,11,-4,-2,5,-4,-5,-9,7,0,-6,-10,-10,6,10,-4,2.0,4.0,-10.0,-35.0,-29.0,-4.0,2,4,4,2,4,5,2,4,4,2,3,5,3,4,5,1,1,0,1,1,0,0,1,-1
104,254.0,0.3069828722002635,0.006587615283267457,0.002635046113306983,0.5177865612648221,0.010540184453227932,0.152832674571805,34,66,58,6,-7,2,2,-6,-2,9,-5,-2,3,-1,-4,-7,5,0,-4,-9,-8,4,10,-5,1.0,3.0,-10.0,-24.0,-25.0,-4.0,1,3,5,2,4,4,1,3,5,2,3,4,1,4,4,1,1,0,0,0,0,1,1,0
105,256.0,0.2702702702702703,0.008445945945945946,0.0,0.5793918918918919,0.028716216216216218,0.11148648648648649,-11,-1,58,3,-5,1,3,-4,-1,7,-4,-3,2,-1,-3,-5,3,0,-4,-5,-9,4,5,-3,1.0,3.0,-8.0,-19.0,-17.0,-3.0,1,2,3,2,2,5,0,3,3,2,2,4,1,3,4,0,-1,0,1,1,-1,1,1,0
106,258.0,0.3725888324873096,0.008121827411167513,0.0020304568527918783,0.36852791878172586,0.01116751269035533,0.23553299492385787,84,27,36,8,-8,3,4,-7,-4,11,-5,-3,5,-3,-5,-10,5,0,-6,-9,-12,6,10,-4,2.0,5.0,-14.0,-34.0,-29.0,-4.0,2,4,6,2,4,5,2,4,6,2,3,5,2,4,6,1,1,0,1,0,0,1,1,0
107,260.0,0.2938775510204082,0.0,0.004081632653061225,0.5428571428571428,0.01904761904761905,0.1346938775510204,1,54,10,5,-4,3,4,-7,-3,8,-3,-1,4,-3,-5,-8,5,0,-4,-8,-8,4,9,-4,3.0,2.0,-9.0,-27.0,-22.0,-4.0,2,3,4,1,3,4,2,3,4,1,3,5,2,2,3,1,1,0,0,1,0,1,1,0
108,262.0,0.27472527472527475,0.008791208791208791,0.004395604395604396,0.5032967032967033,0.026373626373626374,0.1824175824175824,-28,2,1,2,-3,3,2,-4,-3,4,-2,-1,1,-2,-3,-3,3,0,-2,-5,-6,2,6,-3,1.0,1.0,-7.0,-12.0,-13.0,-3.0,1,1,3,1,3,3,0,1,3,1,2,3,1,1,3,0,1,0,0,0,0,0,1,0
109,264.0,0.3374164810690423,0.0077951002227171495,0.0011135857461024498,0.38084632516703787,0.015590200445434299,0.24832962138084633,28,-11,27,5,-5,4,5,-7,-3,10,-4,-2,4,-2,-5,-9,6,0,-4,-9,-11,4,9,-5,2.0,3.0,-12.0,-31.0,-25.0,-5.0,2,3,5,2,3,5,2,3,5,2,4,5,1,3,6,2,0,0,0,2,0,1,1,-1
110,266.0,0.3600525624178712,0.0,0.002628120893561104,0.4454664914586071,0.018396846254927726,0.17345597897503284,6,24,55,5,-6,2,4,-7,-3,7,-3,-2,4,-2,-5,-7,5,0,-4,-8,-10,4,8,-4,2.0,3.0,-11.0,-25.0,-23.0,-4.0,1,3,4,2,3,5,1,2,5,2,3,4,2,4,5,0,0,0,0,1,0,1,0,0
111,268.0,0.45464725643896975,0.0033594624860022394,0.0,0.3281075027995521,0.006718924972004479,0.2026875699888018,38,49,49,5,-8,3,4,-8,-3,10,-4,-2,3,-4,-5,-8,7,0,-4,-9,-10,4,9,-5,2.0,5.0,-11.0,-29.0,-29.0,-4.0,2,4,5,2,4,5,1,4,4,2,3,6,2,4,5,1,2,-1,0,0,0,1,1,1
112,270.0,0.6257197696737045,0.003838771593090211,0.0,0.29174664107485604,0.009596928982725527,0.0671785028790787,-1,3,36,3,-4,1,2,-5,-2,5,-2,-2,1,-2,-4,-4,3,1,-2,-5,-7,2,5,-3,1.0,3.0,-8.0,-14.0,-16.0,-2.0,1,2,4,1,2,2,0,2,4,1,2,3,1,2,3,1,1,0,0,0,0,1,1,0
113,272.0,0.435929648241206,0.0,0.001256281407035176,0.3417085427135678,0.01256281407035176,0.20477386934673367,-19,32,22,5,-6,3,3,-6,-3,8,-4,-2,4,-3,-4,-7,6,-1,-4,-9,-8,3,9,-5,2.0,4.0,-10.0,-24.0,-25.0,-4.0,1,3,5,2,3,5,2,3,4,1,4,5,2,3,4,0,1,0,1,1,0,1,1,0
114,274.0,0.4129032258064516,0.004838709677419355,0.0,0.4129032258064516,0.043548387096774194,0.12419354838709677,26,47,39,4,-5,2,3,-5,-2,7,-4,-1,3,-2,-4,-6,4,0,-4,-6,-7,4,7,-3,2.0,2.0,-9.0,-21.0,-20.0,-3.0,1,3,4,1,2,3,1,3,4,2,3,3,1,2,4,1,1,-1,0,1,1,1,0,0
115,276.0,0.31868131868131866,0.01221001221001221,0.006105006105006105,0.36752136752136755,0.007326007326007326,0.27350427350427353,75,75,70,5,-6,3,4,-6,-3,10,-5,-2,4,-2,-4,-8,6,0,-5,-9,-9,5,10,-4,3.0,3.0,-11.0,-32.0,-26.0,-3.0,2,3,4,2,4,5,2,3,5,2,3,4,2,4,4,0,1,1,1,0,-1,1,2,0
116,278.0,0.43759630200308164,0.0030816640986132513,0.007704160246533128,0.3266563944530046,0.009244992295839754,0.21571648690292758,68,90,37,4,-6,1,4,-5,-1,9,-4,-2,3,-2,-2,-7,5,0,-4,-7,-7,4,7,-3,1.0,2.0,-8.0,-25.0,-20.0,-2.0,2,3,4,2,3,2,1,2,4,2,3,3,0,4,3,1,0,0,2,1,0,-1,1,-1
117,280.0,0.40064102564102566,0.0,0.0,0.36538461538461536,0.00641025641025641,0.22115384615384615,17,8,-29,2,-2,1,2,-2,0,3,-2,-1,2,-1,-2,-4,2,0,-1,-4,-2,2,4,-2,1.0,1.0,-4.0,-12.0,-10.0,-1.0,0,1,1,1,1,2,1,2,1,1,2,2,1,1,1,0,-1,0,0,1,1,1,0,0
118,282.0,0.4584139264990329,0.0,0.0,0.402321083172147,0.017408123791102514,0.11992263056092843,8,73,12,4,-6,1,2,-4,-1,6,-4,-2,2,-2,-2,-4,5,0,-4,-7,-5,3,6,-3,2.0,2.0,-6.0,-19.0,-18.0,-2.0,1,2,3,2,3,3,0,2,2,2,3,3,1,3,3,0,1,-1,1,0,0,0,1,0
119,284.0,0.4432234432234432,0.008547008547008548,0.003663003663003663,0.30158730158730157,0.028083028083028084,0.2087912087912088,29,60,10,7,-7,3,3,-6,-2,9,-4,-1,4,-3,-5,-7,6,0,-6,-9,-10,6,10,-4,1.0,3.0,-11.0,-28.0,-25.0,-4.0,2,4,4,1,3,6,2,3,4,2,3,5,2,4,5,0,1,0,1,0,0,0,1,-1
120,286.0,0.42992623814541625,0.02528977871443625,0.0,0.3308746048472076,0.0136986301369863,0.19072708113804004,94,51,-18,7,-8,1,6,-9,-3,13,-4,-1,5,-4,-4,-11,7,0,-7,-10,-9,7,11,-4,3.0,3.0,-11.0,-40.0,-29.0,-3.0,3,4,5,2,5,5,2,4,5,2,4,4,3,5,5,2,1,-1,1,0,0,0,0,-1
121,288.0,0.36976047904191617,0.010479041916167664,0.0014970059880239522,0.37425149700598803,0.0074850299401197605,0.23353293413173654,-17,22,21,5,-6,2,3,-5,-3,7,-4,-1,2,-2,-4,-6,5,0,-3,-8,-9,3,7,-3,3.0,3.0,-9.0,-23.0,-21.0,-4.0,2,2,4,1,4,4,1,3,4,1,2,4,2,3,4,1,0,0,0,1,0,1,1,-1
122,290.0,0.6850117096018735,0.00468384074941452,0.0,0.13348946135831383,0.02459016393442623,0.14988290398126464,49,19,38,6,-6,3,3,-7,-4,11,-4,-2,4,-4,-4,-9,7,0,-5,-10,-9,6,9,-5,2.0,4.0,-12.0,-32.0,-27.0,-3.0,2,4,5,2,4,5,2,3,4,2,3,5,1,4,4,2,0,0,0,2,0,1,0,-1
123,292.0,0.43862815884476536,0.010830324909747292,0.0,0.3194945848375451,0.016245487364620937,0.2148014440433213,33,13,25,5,-4,2,2,-4,-2,7,-2,-1,2,-2,-3,-5,3,-1,-3,-5,-6,4,6,-3,1.0,2.0,-6.0,-21.0,-16.0,-3.0,1,2,3,2,3,3,0,2,3,2,2,3,2,2,4,0,1,0,0,0,0,1,0,0
124,294.0,0.3843843843843844,0.009009009009009009,0.0,0.4024024024024024,0.06306306306306306,0.13513513513513514,-12,-43,15,3,-2,1,1,-3,-2,4,-1,-1,1,-1,-3,-3,1,0,-2,-3,-4,2,3,-3,1.0,1.0,-4.0,-12.0,-8.0,-2.0,1,1,3,1,2,1,1,1,3,0,1,2,0,2,3,1,-1,-1,0,1,0,1,-1,0
125,296.0,0.512280701754386,0.007894736842105263,0.002631578947368421,0.28771929824561404,0.03245614035087719,0.15350877192982457,-16,138,51,6,-9,4,5,-11,-5,11,-6,-2,5,-4,-7,-10,8,-1,-5,-14,-12,5,14,-7,3.0,5.0,-15.0,-35.0,-38.0,-5.0,2,5,6,2,5,7,3,5,6,2,6,7,2,4,6,0,1,0,2,2,0,1,1,-1
126,298.0,0.3593556381660471,0.013630731102850062,0.0,0.355638166047088,0.007434944237918215,0.2589838909541512,26,57,73,6,-5,2,3,-7,-2,9,-3,-2,4,-3,-4,-8,6,0,-5,-9,-10,6,9,-4,2.0,3.0,-11.0,-29.0,-24.0,-4.0,2,3,5,2,3,4,1,3,5,2,4,5,2,3,4,1,1,0,0,0,0,1,2,0
127,421.0,0.023809523809523808,0.16666666666666666,0.000992063492063492,0.04365079365079365,0.005952380952380952,0.7569444444444444,-72,-48,2,7,-7,4,4,-7,-2,11,-4,-1,5,-3,-4,-9,9,0,-6,-11,-10,5,13,-5,3.0,3.0,-15.0,-34.0,-34.0,-6.0,2,4,5,2,4,6,2,4,5,2,5,6,3,4,5,0,2,1,1,0,0,1,2,1
128,428.0,0.5889212827988338,0.0,0.0,0.2755102040816326,0.02040816326530612,0.11224489795918367,45,51,55,5,-6,2,3,-7,-3,9,-4,-2,3,-3,-5,-7,6,1,-3,-9,-9,3,8,-4,2.0,3.0,-8.0,-25.0,-21.0,-3.0,2,3,4,2,3,4,1,4,4,2,2,5,1,3,3,0,1,0,1,0,0,1,1,-1
129,430.0,0.4463087248322148,0.0016778523489932886,0.0,0.3691275167785235,0.018456375838926176,0.1644295302013423,24,-21,-4,4,-4,2,3,-5,-2,6,-2,-2,3,-2,-3,-5,3,-1,-4,-5,-6,4,5,-4,0.0,2.0,-7.0,-20.0,-16.0,-3.0,1,2,4,2,3,3,1,2,4,1,2,2,1,2,4,1,0,0,1,1,-1,0,0,0
130,432.0,0.3492647058823529,0.007352941176470588,0.0,0.3541666666666667,0.01838235294117647,0.26838235294117646,48,57,15,6,-6,2,4,-7,-1,10,-4,-2,4,-3,-3,-8,6,0,-5,-9,-8,5,10,-4,2.0,3.0,-10.0,-31.0,-27.0,-3.0,2,3,4,2,4,4,2,4,4,1,3,4,2,5,4,1,0,0,1,1,0,0,0,-1
131,434.0,0.44197952218430037,0.008532423208191127,0.0,0.2832764505119454,0.015358361774744027,0.24573378839590443,-32,-32,-33,3,-5,2,2,-5,-2,5,-3,-2,3,-3,-3,-5,5,-1,-3,-7,-7,3,7,-4,1.0,2.0,-9.0,-17.0,-19.0,-3.0,1,2,3,1,3,5,1,2,3,1,3,4,1,2,3,1,1,0,1,1,0,0,0,0
132,436.0,0.4878361075544174,0.0076824583866837385,0.0,0.2765685019206146,0.02560819462227913,0.19078104993597952,56,23,8,6,-6,2,4,-7,-3,9,-4,-1,4,-3,-4,-8,6,-1,-5,-8,-9,5,9,-4,2.0,2.0,-11.0,-28.0,-24.0,-4.0,2,4,5,2,3,4,1,3,4,2,3,5,2,3,5,1,1,0,0,1,0,1,0,-1
133,462.01,0.7038123167155426,0.008797653958944282,0.0,0.14809384164222875,0.030791788856304986,0.10557184750733138,51,73,36,5,-5,1,4,-7,-1,7,-4,-2,4,-3,-3,-7,6,0,-4,-8,-6,4,9,-3,2.0,3.0,-9.0,-26.0,-23.0,-1.0,2,3,3,2,3,4,1,4,3,2,3,4,0,3,3,2,1,-1,0,1,0,1,0,1
134,464.0,0.9524528301886792,0.0030188679245283017,0.0,0.01509433962264151,0.0022641509433962265,0.026415094339622643,62,78,138,9,-9,5,6,-9,-2,14,-7,-2,6,-3,-7,-12,9,-1,-7,-9,-9,7,15,-7,4.0,9.0,-14.0,-46.0,-38.0,-3.0,3,5,7,3,4,7,3,6,6,2,4,7,3,5,7,1,2,0,2,2,1,0,3,1
135,468.0,0.9705583756345177,0.0,0.0,0.003045685279187817,0.009137055837563452,0.016243654822335026,230,278,193,8,-8,3,4,-7,-1,13,-6,-2,6,-2,-3,-11,10,1,-6,-7,-6,6,13,-4,2.0,4.0,-13.0,-38.0,-29.0,2.0,3,5,5,2,5,4,2,3,5,3,6,5,1,4,4,2,1,1,0,1,-1,2,1,0
136,470.0,0.985996705107084,0.0,0.0,0.0008237232289950577,0.004942339373970346,0.007413509060955519,35,36,9,9,-8,4,5,-9,-3,13,-6,-3,6,-5,-6,-11,8,0,-7,-10,-10,7,14,-7,3.0,8.0,-13.0,-43.0,-37.0,-4.0,2,4,6,3,5,7,3,5,6,2,5,6,3,4,6,1,2,0,2,2,1,0,2,0
137,472.0,0.9802399435426958,0.011291460832745237,0.0,0.0,0.004234297812279464,0.004234297812279464,145,110,-1,10,-11,5,8,-11,-3,17,-8,-3,7,-4,-7,-15,10,-1,-9,-10,-10,9,16,-7,5.0,7.0,-16.0,-55.0,-41.0,-2.0,4,6,7,3,6,7,3,6,8,4,5,7,3,6,7,1,2,0,1,2,0,2,1,-1
138,474.0,0.9878147847278635,0.0,0.0,0.0008123476848090983,0.005686433793663688,0.004061738424045491,146,75,-12,9,-8,4,6,-9,-3,16,-7,-3,7,-5,-5,-14,9,-1,-8,-10,-9,8,13,-7,3.0,7.0,-13.0,-48.0,-37.0,-3.0,2,5,6,3,5,6,3,5,6,3,5,6,4,5,6,1,1,0,1,2,-1,2,1,1
139,476.0,0.937123745819398,0.004013377926421404,0.0,0.008695652173913044,0.01137123745819398,0.034782608695652174,101,95,18,11,-11,5,7,-11,-3,18,-7,-3,7,-5,-9,-14,9,-1,-9,-12,-12,9,17,-8,4.0,9.0,-18.0,-56.0,-44.0,-4.0,4,6,9,3,5,7,4,6,8,3,6,8,3,6,9,2,2,0,1,1,0,1,3,0
140,478.0,0.838165524512388,0.007380073800738007,0.0,0.03110173958882446,0.008961518186610437,0.10911966262519768,50,54,50,14,-12,7,8,-12,-2,22,-9,-3,10,-4,-9,-19,13,0,-11,-15,-17,11,22,-9,5.0,11.0,-25.0,-68.0,-59.0,-6.0,4,7,10,4,8,10,4,7,11,5,7,10,3,7,11,2,3,0,2,3,1,2,3,0
141,480.0,0.770140428677014,0.011825572801182557,0.0,0.090169992609017,0.017738359201773836,0.10938654841093866,86,159,66,9,-11,5,7,-10,-3,15,-7,-2,7,-5,-6,-13,12,0,-8,-13,-11,8,17,-7,3.0,7.0,-16.0,-49.0,-42.0,-3.0,3,6,7,3,5,7,3,6,6,3,6,8,3,6,6,2,1,1,0,2,-1,1,2,1
142,484.0,0.7412140575079872,0.03461128860489883,0.0005324813631522897,0.07294994675186368,0.01437699680511182,0.1283280085197018,23,116,115,12,-14,7,7,-14,-5,20,-8,-3,7,-6,-10,-15,13,-1,-10,-18,-17,9,23,-11,4.0,11.0,-24.0,-59.0,-59.0,-6.0,4,7,10,3,8,11,3,7,10,5,7,11,3,8,10,2,3,0,1,3,1,1,2,0
143,486.0,0.26624548736462095,0.018050541516245487,0.007220216606498195,0.3971119133574007,0.0388086642599278,0.26985559566787004,-21,45,63,8,-8,4,4,-8,-2,12,-6,-2,5,-3,-5,-10,9,1,-5,-11,-11,5,14,-5,3.0,6.0,-13.0,-37.0,-36.0,-4.0,3,5,6,2,4,6,2,5,5,2,4,6,2,5,6,1,2,1,1,2,0,1,2,0
144,488.0,0.5360655737704918,0.03770491803278689,0.006557377049180328,0.22459016393442624,0.040983606557377046,0.15081967213114755,-38,-2,-3,7,-10,4,5,-9,-4,12,-6,-2,6,-5,-7,-11,8,-1,-7,-11,-12,7,14,-7,3.0,7.0,-14.0,-39.0,-38.0,-5.0,2,5,7,2,4,6,3,5,7,2,5,6,3,5,7,1,1,-1,1,1,1,0,2,0
145,489.0,0.011035653650254669,0.42614601018675724,0.001697792869269949,0.003395585738539898,0.004244482173174873,0.5534804753820034,-1,-72,-56,8,-7,5,4,-8,-3,13,-5,-3,4,-3,-7,-10,6,-2,-5,-11,-13,6,12,-7,2.0,6.0,-15.0,-37.0,-34.0,-7.0,2,4,7,3,5,7,2,4,7,2,4,7,2,4,7,1,2,1,1,1,-1,1,1,1
146,490.0,0.5595744680851064,0.05602836879432624,0.0035460992907801418,0.20567375886524822,0.04184397163120567,0.11914893617021277,-28,33,-3,10,-10,4,6,-12,-4,16,-7,-2,7,-4,-7,-13,10,0,-9,-14,-16,8,15,-6,4.0,6.0,-19.0,-50.0,-43.0,-6.0,3,5,8,3,6,7,3,6,8,4,6,8,3,6,7,0,1,0,2,2,0,2,1,0
147,492.0,0.31986143187066973,0.12240184757505773,0.0023094688221709007,0.24826789838337182,0.03002309468822171,0.2575057736720554,37,30,17,6,-6,3,4,-7,-2,9,-5,-1,4,-2,-5,-7,7,0,-6,-9,-9,6,9,-4,2.0,3.0,-13.0,-31.0,-26.0,-4.0,2,3,5,2,4,4,2,3,5,2,3,5,1,4,5,1,1,0,1,1,0,1,0,-1
148,494.0,0.4530956848030019,0.0947467166979362,0.001876172607879925,0.21200750469043153,0.04409005628517824,0.18667917448405252,13,4,-41,7,-8,2,4,-9,-3,12,-6,-2,6,-3,-5,-11,7,0,-5,-11,-12,5,13,-6,3.0,4.0,-14.0,-37.0,-34.0,-3.0,2,5,6,2,5,6,3,4,7,2,5,5,3,6,6,0,0,-1,1,1,0,2,0,0
149,508.04,0.0200133422281521,0.5036691127418279,0.00133422281521014,0.024683122081387593,0.01134089392928619,0.43162108072048033,501,441,439,12,-11,3,7,-10,-2,19,-6,-3,8,-4,-7,-17,11,0,-9,-15,-14,9,18,-7,4.0,3.0,-21.0,-57.0,-43.0,-6.0,3,5,8,4,6,7,4,6,9,3,5,8,3,6,8,2,2,-1,1,2,0,2,1,0
150,516.01,0.015231788079470199,0.6920529801324503,0.005298013245033113,0.035099337748344374,0.01456953642384106,0.23576158940397351,457,433,499,11,-10,6,6,-11,-4,16,-7,-3,8,-3,-8,-14,9,0,-8,-13,-17,8,15,-9,4.0,6.0,-21.0,-53.0,-43.0,-8.0,3,6,9,3,5,9,4,5,8,3,5,9,3,5,9,1,3,0,2,1,0,1,2,1
151,610.02,0.9457478005865103,0.0,0.002932551319648094,0.008797653958944282,0.017595307917888565,0.021994134897360705,168,123,132,5,-6,2,5,-6,-4,9,-4,-3,4,-3,-4,-8,5,0,-5,-8,-8,5,7,-4,2.0,1.0,-8.0,-29.0,-18.0,-3.0,2,3,4,2,2,4,1,3,4,2,3,3,2,3,5,1,0,-1,0,0,-1,1,1,0
152,696.02,0.6178977272727273,0.19460227272727273,0.0007102272727272727,0.053267045454545456,0.026278409090909092,0.09801136363636363,351,455,481,8,-10,4,5,-13,-5,13,-8,-5,6,-5,-8,-12,9,-2,-6,-15,-16,6,16,-9,3.0,10.0,-17.0,-40.0,-44.0,-6.0,2,6,8,3,5,9,3,5,8,2,6,8,3,5,9,0,2,0,2,2,0,0,1,0
153,726.0,0.0,0.8910411622276029,0.0,0.0,0.04600484261501211,0.048426150121065374,-21,-27,-63,3,-3,1,2,-4,-1,4,-1,-2,2,-3,-2,-4,3,0,-2,-4,-6,2,4,-2,2.0,1.0,-7.0,-14.0,-12.0,-2.0,0,1,2,1,2,3,1,2,3,1,1,2,1,2,2,1,0,1,-1,1,-1,1,0,1
154,902.0,0.006548175865294668,0.696913002806361,0.004677268475210477,0.009354536950420954,0.013096351730589336,0.2637979420018709,-217,-289,-218,6,-7,4,5,-7,-2,11,-4,-2,5,-4,-7,-10,6,-1,-6,-9,-12,6,11,-5,3.0,7.0,-14.0,-34.0,-32.0,-6.0,2,4,6,2,4,7,2,3,6,2,5,7,3,3,5,1,2,1,0,1,0,0,1,0
155,906.0,0.005639097744360902,0.6622807017543859,0.002506265664160401,0.0037593984962406013,0.010025062656641603,0.3151629072681704,-34,-13,-16,9,-10,7,5,-11,-3,16,-8,-3,5,-4,-7,-11,10,-2,-8,-13,-16,7,19,-9,3.0,9.0,-20.0,-46.0,-51.0,-8.0,2,6,10,3,6,8,3,7,10,3,5,8,3,7,10,1,2,0,2,3,1,1,2,1
156,1144.0,0.006435006435006435,0.5392535392535392,0.001287001287001287,0.014157014157014158,0.009009009009009009,0.40797940797940796,249,230,256,6,-5,2,3,-5,-1,10,-4,-2,3,-3,-4,-7,6,-1,-5,-7,-7,4,9,-4,2.0,5.0,-10.0,-28.0,-23.0,-3.0,2,3,4,2,3,5,1,2,4,2,3,5,1,3,4,2,1,0,0,1,0,1,1,1
