,2010 Census Tract,Total Population    21 Years    and Under,Under 1 Year,1 & 2 Years,3 & 4 Years,5 Years,6 Years,7 to 9 Years,10 & 11 Years,12 & 13 Years,14 Years,15 Years,16 Years,17 Years,18 Years,19 Years,20 Years,21 Years
Brooklyn,1.0,586,49,95,67,35,31,80,50,40,10,25,12,28,11,19,19,15
Brooklyn,2.0,589,27,56,66,36,32,57,49,33,17,25,26,31,22,35,38,39
Brooklyn,3.01,685,68,116,112,36,31,97,42,38,16,21,19,23,17,11,20,18
Brooklyn,5.01,"1,267",49,69,64,29,24,56,29,22,15,8,18,12,174,306,270,122
Brooklyn,5.02,292,34,40,36,15,14,35,14,25,10,8,7,16,8,10,12,8
Brooklyn,7.0,586,49,112,66,25,22,77,55,44,19,23,25,16,14,15,8,16
Brooklyn,9.0,637,89,121,64,32,19,37,30,28,12,12,13,12,13,45,47,63
Brooklyn,11.0,18,0,3,2,1,0,0,2,2,0,0,1,0,1,3,2,1
Brooklyn,13.0,227,16,29,28,15,14,19,13,3,7,6,4,1,6,12,34,20
Brooklyn,15.0,803,53,86,81,37,27,73,52,55,27,39,30,44,46,59,50,44
Brooklyn,18.0,78,1,0,0,0,0,0,1,0,0,0,1,0,4,13,20,38
Brooklyn,20.0,614,35,54,50,27,30,85,53,42,25,22,27,26,45,31,28,34
Brooklyn,21.0,633,122,182,110,44,22,52,18,18,7,4,7,1,3,10,13,20
Brooklyn,22.0,"1,237",63,130,118,62,50,161,83,88,45,54,60,68,58,66,54,77
Brooklyn,23.0,"1,569",42,114,113,44,48,166,151,161,100,91,83,90,84,100,90,92
Brooklyn,29.01,"1,263",40,106,128,54,49,144,125,109,51,52,85,56,65,65,79,55
Brooklyn,30.0,439,24,39,45,20,14,59,42,36,20,18,24,21,15,19,20,23
Brooklyn,31.0,734,12,25,28,13,11,18,10,12,12,9,6,11,186,195,104,82
Brooklyn,33.0,377,42,65,37,17,14,37,24,20,16,14,10,22,14,17,13,15
Brooklyn,34.0,664,38,77,63,35,29,97,61,48,23,23,33,20,29,25,28,35
Brooklyn,35.0,247,24,28,29,10,10,21,20,15,10,9,12,12,12,11,12,12
Brooklyn,36.0,734,54,93,89,41,30,86,52,46,33,42,32,27,32,33,27,17
Brooklyn,37.0,88,4,3,6,3,0,7,8,4,1,0,0,3,0,7,5,37
Brooklyn,38.0,293,19,33,31,4,20,28,20,21,16,13,16,15,14,17,11,15
Brooklyn,39.0,337,44,56,30,19,13,49,23,18,12,6,6,11,9,11,9,21
Brooklyn,41.0,587,58,75,66,26,27,95,45,63,25,26,14,16,10,17,10,14
Brooklyn,43.0,505,50,70,47,23,24,64,34,38,12,20,7,12,26,32,25,21
Brooklyn,44.0,515,14,32,40,23,28,74,46,62,34,26,26,26,22,22,16,24
Brooklyn,45.0,567,67,82,59,40,25,69,47,51,21,17,26,21,14,7,11,10
Brooklyn,46.0,331,10,31,22,17,14,55,22,39,17,17,8,17,15,13,21,13
Brooklyn,47.0,343,31,63,40,25,23,41,23,19,11,12,8,22,10,2,4,9
Brooklyn,49.0,425,53,71,63,21,25,57,25,20,13,11,11,9,9,11,13,13
Brooklyn,50.0,484,32,57,38,24,33,66,39,50,19,27,22,13,16,11,20,17
Brooklyn,51.0,405,57,50,67,17,26,60,34,24,7,7,4,15,6,8,9,14
Brooklyn,52.01,215,19,34,23,19,5,25,15,15,14,7,8,9,8,6,3,5
Brooklyn,52.02,333,36,46,49,15,17,36,24,18,10,11,13,11,12,8,10,17
Brooklyn,53.0,415,31,49,40,22,13,45,27,35,19,15,17,11,16,18,19,38
Brooklyn,54.0,510,34,57,63,26,30,60,35,35,23,16,28,19,18,11,29,26
Brooklyn,56.01,356,23,44,48,12,19,38,23,23,15,19,11,25,6,18,15,17
Brooklyn,56.02,230,20,35,25,9,14,31,15,19,6,8,14,8,6,8,4,8
Brooklyn,58.0,600,38,55,71,35,28,75,38,59,22,20,25,18,29,25,32,30
Brooklyn,59.0,315,18,27,22,10,21,41,23,37,18,17,10,9,25,17,5,15
Brooklyn,60.0,746,57,97,88,35,33,97,51,52,29,33,21,20,39,29,26,39
Brooklyn,62.0,696,24,76,60,32,38,93,65,50,42,28,36,37,30,26,31,28
Brooklyn,63.0,315,26,61,47,23,20,47,25,16,8,2,9,2,5,10,7,7
Brooklyn,64.0,850,59,71,87,45,43,115,89,72,45,36,32,22,29,33,31,41
Brooklyn,65.0,890,91,176,109,41,49,107,83,44,33,28,32,25,16,15,17,24
Brooklyn,66.0,857,55,75,94,44,33,109,57,72,48,35,45,36,31,43,37,43
Brooklyn,67.0,654,55,97,91,35,22,83,56,51,20,28,25,27,15,12,23,14
Brooklyn,68.0,"1,457",58,142,135,71,62,200,112,126,71,53,74,71,62,81,75,64
Brooklyn,69.0,624,63,88,90,32,53,77,43,41,23,17,23,20,14,20,16,4
Brooklyn,70.0,495,25,41,63,17,20,66,41,53,25,24,15,24,18,16,25,22
Brooklyn,71.0,"1,470",64,146,97,46,67,181,123,142,80,67,98,85,79,75,60,60
Brooklyn,72.0,621,33,63,45,24,21,74,55,51,23,29,33,28,27,37,41,37
Brooklyn,74.0,"1,727",81,150,174,84,96,212,135,146,75,78,79,63,89,70,95,100
Brooklyn,75.0,817,67,127,102,40,45,117,70,53,27,36,21,31,22,18,19,22
Brooklyn,76.0,"1,262",70,126,140,59,66,148,96,91,59,49,46,48,58,69,57,80
Brooklyn,77.0,683,73,120,107,45,40,95,31,38,17,12,22,21,14,10,16,22
Brooklyn,78.0,"1,634",66,149,165,69,72,199,125,145,60,65,85,81,88,83,105,77
Brooklyn,80.0,"1,240",64,124,116,67,55,168,100,126,55,58,46,45,45,60,59,52
Brooklyn,82.0,"1,269",65,135,106,55,48,153,98,94,65,62,69,65,59,60,58,77
Brooklyn,84.0,"1,003",58,98,107,49,56,126,70,84,29,38,25,64,36,45,52,66
Brooklyn,85.0,"2,665",100,207,202,87,103,362,219,232,143,135,136,158,175,130,133,143
Brooklyn,86.0,0,0,0,0,0,0,0,0,0,0,0,0,0,0,0,0,0
Brooklyn,88.0,902,58,96,96,46,36,117,64,58,35,32,39,33,55,39,58,40
Brooklyn,90.0,966,56,117,114,62,30,125,70,60,41,40,46,36,32,45,48,44
Brooklyn,92.0,"1,776",116,182,166,89,92,232,129,125,76,71,86,81,76,87,74,94
Brooklyn,94.0,"1,720",105,179,173,102,77,227,127,132,63,55,59,90,80,87,79,85
Brooklyn,96.0,"1,907",120,200,215,102,93,246,142,148,71,71,86,73,71,87,93,89
Brooklyn,98.0,"2,384",123,246,266,98,104,292,169,199,120,81,105,97,131,102,121,130
Brooklyn,100.0,"2,082",120,184,204,98,93,261,149,144,96,90,92,97,95,110,119,130
Brooklyn,101.0,"1,161",51,122,132,57,49,161,77,95,42,46,53,46,61,44,70,55
Brooklyn,102.0,"1,647",101,172,185,79,89,212,106,118,60,56,71,63,87,80,79,89
Brooklyn,104.0,"1,682",80,149,188,84,91,211,135,127,71,62,60,80,75,81,83,105
Brooklyn,106.0,"1,682",92,151,163,100,58,182,138,116,89,74,93,63,85,88,108,82
Brooklyn,108.0,"1,595",97,164,182,74,76,225,97,120,61,41,66,58,73,77,93,91
Brooklyn,110.0,821,51,90,71,42,35,118,75,75,20,29,25,31,34,45,37,43
Brooklyn,112.0,"2,401",133,241,247,149,112,360,216,194,105,104,100,83,89,79,94,95
Brooklyn,114.0,"1,330",85,154,134,78,82,197,116,104,64,53,57,52,38,44,45,27
Brooklyn,116.0,"1,578",64,169,179,79,99,235,121,142,55,55,77,59,57,66,54,67
Brooklyn,117.0,473,29,44,40,14,14,61,36,55,35,14,24,22,24,14,29,18
Brooklyn,118.0,681,28,70,76,41,27,85,54,57,32,25,32,28,31,29,36,30
Brooklyn,119.0,223,33,22,24,7,8,27,22,14,7,6,4,7,1,12,11,18
Brooklyn,120.0,388,25,29,28,20,26,54,30,33,15,21,14,16,12,15,27,23
Brooklyn,121.0,302,20,37,39,16,11,37,20,25,7,10,10,6,13,9,10,32
Brooklyn,122.0,"1,652",86,178,155,77,61,235,145,114,68,61,83,83,66,78,88,74
Brooklyn,126.0,795,36,71,70,39,32,120,71,61,31,35,40,41,36,26,45,41
Brooklyn,127.0,880,56,76,85,34,34,96,73,88,38,41,48,46,41,37,45,42
Brooklyn,128.01,562,31,60,53,18,18,67,43,49,30,27,31,23,28,24,29,31
Brooklyn,129.01,371,40,49,29,14,14,51,24,21,10,14,25,16,14,9,18,23
Brooklyn,129.02,301,25,47,31,16,14,37,21,25,10,16,9,13,9,5,10,13
Brooklyn,130.0,"1,273",77,134,104,63,54,161,114,109,70,60,56,49,74,38,56,54
Brooklyn,131.0,620,52,91,75,19,21,79,45,64,12,21,22,26,21,25,25,22
Brooklyn,132.0,684,28,69,42,24,27,88,72,69,33,25,42,34,36,36,26,33
Brooklyn,133.0,722,88,105,86,35,51,104,52,38,31,28,22,16,12,12,23,19
Brooklyn,134.0,"1,016",39,89,95,56,66,141,83,85,45,45,52,38,48,35,50,49
Brooklyn,135.0,815,81,118,121,54,56,118,67,54,22,17,24,25,8,20,10,20
Brooklyn,136.0,994,47,81,105,50,42,125,84,81,59,45,44,53,40,56,44,38
Brooklyn,137.0,544,58,90,65,35,27,63,46,23,33,15,17,19,15,13,13,12
Brooklyn,138.0,690,31,74,69,30,38,71,64,63,20,32,21,24,23,43,32,55
Brooklyn,139.0,660,37,74,65,24,34,81,60,46,24,45,34,29,36,22,23,26
Brooklyn,140.0,395,25,33,31,24,17,51,56,42,20,12,16,15,13,14,14,12
Brooklyn,141.0,617,42,115,62,26,32,69,46,44,21,22,21,25,15,19,21,37
Brooklyn,142.0,719,52,56,80,34,17,94,58,70,36,30,25,32,33,31,32,39
Brooklyn,143.0,738,43,81,64,30,29,78,51,70,40,31,39,26,39,40,32,45
Brooklyn,145.0,945,50,109,99,37,41,125,71,84,33,42,32,38,45,52,42,45
Brooklyn,147.0,475,29,61,34,22,22,53,42,42,23,28,23,20,17,17,19,23
Brooklyn,148.0,265,16,24,16,15,7,47,27,14,10,16,12,15,9,11,12,14
Brooklyn,149.0,915,80,130,100,57,35,103,80,61,33,46,30,38,30,29,33,30
Brooklyn,150.0,335,16,31,36,22,17,37,32,38,15,17,17,12,8,14,9,14
Brooklyn,151.0,789,58,113,122,58,33,124,54,43,29,27,33,22,19,16,19,19
Brooklyn,152.0,498,33,43,55,26,19,70,43,41,20,21,17,26,12,24,24,24
Brooklyn,153.0,570,91,75,54,26,24,69,48,47,17,25,16,19,13,15,14,17
Brooklyn,154.0,0,0,0,0,0,0,0,0,0,0,0,0,0,0,0,0,0
Brooklyn,155.0,704,46,76,94,36,49,120,70,56,23,23,29,20,18,18,9,17
Brooklyn,157.0,769,67,132,109,44,51,106,55,49,24,36,26,26,11,7,14,12
Brooklyn,159.0,795,88,138,117,58,45,95,52,54,19,31,25,27,13,10,13,10
Brooklyn,160.0,"1,035",38,108,92,42,54,136,94,91,53,53,45,50,61,41,39,38
Brooklyn,161.0,526,47,108,68,36,30,49,27,34,17,22,12,20,11,12,13,20
Brooklyn,162.0,399,31,44,40,22,20,47,33,21,21,17,20,14,23,20,6,20
Brooklyn,163.0,488,55,84,60,28,19,54,31,25,12,15,18,18,16,16,15,22
Brooklyn,164.0,323,26,46,43,28,17,46,26,28,7,14,4,12,11,5,5,5
Brooklyn,165.0,"1,086",72,138,158,69,62,161,94,69,44,52,49,47,26,20,11,14
Brooklyn,166.0,499,7,31,38,26,17,57,40,49,32,36,29,23,31,31,21,31
Brooklyn,167.0,949,70,151,147,65,72,136,68,64,18,31,34,26,17,17,16,17
Brooklyn,168.0,327,8,24,26,22,18,47,29,33,16,14,8,16,17,16,22,11
Brooklyn,169.0,842,58,113,86,54,43,108,69,75,18,24,41,27,26,28,35,37
Brooklyn,170.0,839,36,84,80,49,31,107,101,88,44,47,22,40,33,18,24,35
Brooklyn,171.0,852,71,116,113,54,52,107,71,59,35,36,29,37,13,15,27,17
Brooklyn,172.0,761,33,46,64,36,28,85,86,77,37,30,41,47,40,35,40,36
Brooklyn,174.0,445,26,33,47,19,15,62,51,45,22,17,17,19,16,18,16,22
Brooklyn,175.0,1,0,0,0,0,0,0,0,0,0,0,0,0,1,0,0,0
Brooklyn,176.0,522,27,47,56,28,26,67,32,50,20,28,23,19,22,21,34,22
Brooklyn,177.0,0,0,0,0,0,0,0,0,0,0,0,0,0,0,0,0,0
Brooklyn,178.0,743,43,72,70,33,29,103,62,59,38,38,30,25,39,37,36,29
Brooklyn,179.0,741,34,70,58,35,32,84,56,76,35,42,42,40,32,32,39,34
Brooklyn,180.0,906,42,92,58,34,45,122,89,88,50,36,33,39,40,42,42,54
Brooklyn,181.0,533,62,86,67,28,14,59,31,32,12,23,27,19,16,17,16,24
Brooklyn,182.0,802,26,82,74,27,29,88,60,81,45,38,22,45,32,40,52,61
Brooklyn,183.0,390,36,75,46,28,19,52,28,19,8,13,9,14,3,13,12,15
Brooklyn,184.0,490,12,28,40,18,19,59,52,60,27,25,27,20,28,14,28,33
Brooklyn,185.01,"1,304",60,122,134,49,49,146,101,109,74,66,51,76,67,63,63,74
Brooklyn,186.0,554,16,38,51,35,24,79,52,54,29,35,16,24,12,35,21,33
Brooklyn,187.0,337,22,36,28,15,9,41,23,27,14,17,6,15,16,19,26,23
Brooklyn,188.0,616,32,60,58,20,30,71,45,57,23,44,32,39,33,20,28,24
Brooklyn,190.0,"1,373",60,96,140,47,56,188,119,111,74,48,68,62,83,64,76,81
Brooklyn,191.0,574,29,63,44,25,23,71,58,52,22,15,21,21,17,23,55,35
Brooklyn,192.0,"1,133",64,117,116,48,62,155,91,103,50,52,53,40,40,45,58,39
Brooklyn,193.0,"2,170",55,79,75,33,23,106,73,72,40,44,39,35,330,566,333,267
Brooklyn,194.0,833,31,79,95,31,49,87,74,74,32,31,33,41,41,37,53,45
Brooklyn,195.0,559,41,72,52,26,21,68,32,37,20,25,16,28,17,21,32,51
Brooklyn,196.0,"1,148",62,114,114,40,60,165,87,76,44,42,41,46,55,60,59,83
Brooklyn,197.0,540,60,76,69,29,23,63,35,40,22,15,16,14,11,14,32,21
Brooklyn,198.0,402,15,38,21,20,15,60,44,38,15,25,17,19,18,18,14,25
Brooklyn,199.0,463,52,50,66,13,21,41,34,33,7,17,15,21,21,21,19,32
Brooklyn,200.0,643,35,59,59,23,34,89,33,60,33,32,34,29,32,29,28,34
Brooklyn,201.0,571,58,81,71,19,22,69,36,34,14,29,20,25,9,19,30,35
Brooklyn,202.0,465,15,38,50,28,25,62,37,46,15,25,22,17,24,21,19,21
Brooklyn,203.0,308,26,45,24,16,16,30,29,20,14,21,16,14,9,8,8,12
Brooklyn,204.0,399,16,41,29,9,24,53,42,46,21,22,20,15,16,18,13,14
Brooklyn,205.0,401,44,77,50,23,15,42,20,31,12,17,14,12,9,10,15,10
Brooklyn,206.0,574,32,47,49,25,31,71,56,54,22,27,27,30,16,24,32,31
Brooklyn,207.0,739,56,113,87,57,35,91,46,47,28,32,24,26,26,19,20,32
Brooklyn,208.0,784,25,76,54,35,28,101,66,71,27,45,31,56,33,37,55,44
Brooklyn,210.0,"1,057",34,100,104,57,62,134,89,86,50,67,40,49,50,42,51,42
Brooklyn,211.0,312,6,21,21,10,16,32,27,46,21,16,18,14,12,13,18,21
Brooklyn,212.0,"1,346",57,100,127,64,61,191,118,128,53,78,58,63,62,74,57,55
Brooklyn,213.0,"1,024",52,91,85,44,43,132,81,88,46,47,57,46,48,49,66,49
Brooklyn,214.0,890,46,101,111,43,36,136,84,62,35,27,42,42,21,45,30,29
Brooklyn,215.0,"1,042",73,138,112,50,47,129,73,68,50,37,58,49,37,36,42,43
Brooklyn,216.0,"1,993",117,205,209,93,100,312,195,179,99,95,78,72,58,73,56,52
Brooklyn,217.0,903,52,101,81,43,41,121,70,77,49,37,35,37,31,39,47,42
Brooklyn,218.0,"1,867",110,223,233,85,85,259,174,152,77,89,73,71,67,66,51,52
Brooklyn,219.0,729,50,57,68,12,26,87,44,63,42,36,36,25,43,37,62,41
Brooklyn,220.0,"2,377",152,309,283,123,106,356,187,193,100,84,91,78,78,92,64,81
Brooklyn,221.0,767,25,78,63,27,24,107,62,72,39,21,32,35,38,46,48,50
Brooklyn,222.0,"2,327",152,324,251,147,111,340,188,180,80,104,77,62,87,69,84,71
Brooklyn,224.0,"2,788",164,307,297,173,129,405,260,276,138,131,113,91,93,74,70,67
Brooklyn,226.0,992,69,112,108,35,68,146,76,63,30,44,44,29,34,43,52,39
Brooklyn,227.0,823,33,64,71,37,33,119,82,73,40,35,36,40,39,43,36,42
Brooklyn,228.0,"1,526",75,159,144,83,72,231,152,127,64,84,46,63,53,65,60,48
Brooklyn,229.0,751,47,84,58,25,38,105,48,56,17,28,27,29,34,50,47,58
Brooklyn,230.0,"2,287",142,264,277,125,95,341,210,195,79,83,95,76,85,67,71,82
Brooklyn,231.0,571,41,73,65,26,18,64,45,34,18,14,21,18,20,27,31,56
Brooklyn,232.0,"2,957",179,334,364,163,132,442,229,257,116,113,114,113,128,108,85,80
Brooklyn,233.0,"1,702",70,140,145,47,72,215,117,155,87,70,82,89,93,100,102,118
Brooklyn,234.0,"2,528",236,420,303,135,107,303,164,168,74,83,90,64,66,76,130,109
Brooklyn,235.0,"1,619",128,239,235,92,95,218,97,78,39,38,30,34,29,49,101,117
Brooklyn,236.0,"2,692",274,474,384,152,127,327,161,122,65,56,62,77,57,71,150,133
Brooklyn,238.0,"2,185",193,310,268,107,115,270,140,148,73,78,67,70,76,80,93,97
Brooklyn,240.0,"2,069",181,314,297,125,98,262,145,135,62,51,61,63,57,59,79,80
Brooklyn,241.0,459,24,44,35,13,10,33,23,32,11,12,18,16,21,44,53,70
Brooklyn,242.0,"1,470",80,161,138,77,70,174,123,103,62,43,51,71,86,86,75,70
Brooklyn,243.0,864,34,83,84,34,28,116,72,55,23,41,40,43,52,43,64,52
Brooklyn,244.0,"1,440",81,154,162,77,77,228,158,112,58,50,55,43,41,56,56,32
Brooklyn,245.0,985,38,82,88,43,52,122,85,96,51,49,60,32,38,48,43,58
Brooklyn,246.0,"1,157",72,126,137,62,61,177,100,94,62,55,52,39,27,37,24,32
Brooklyn,247.0,660,28,66,64,21,20,63,63,68,31,32,22,29,34,53,37,29
Brooklyn,248.0,808,36,96,69,35,43,93,61,76,44,28,26,33,48,37,44,39
Brooklyn,249.0,954,40,82,86,51,27,114,88,58,45,44,54,51,47,51,69,47
Brooklyn,250.0,443,26,32,44,20,17,56,46,34,19,18,23,15,22,17,23,31
Brooklyn,251.0,"1,292",55,118,85,55,59,163,102,109,58,55,61,71,71,67,75,88
Brooklyn,252.0,"1,155",58,125,106,64,45,148,79,90,48,61,49,52,59,49,56,66
Brooklyn,253.0,687,32,70,62,28,27,94,53,49,22,26,35,22,40,37,42,48
Brooklyn,254.0,933,41,69,95,40,42,140,90,82,41,45,37,37,46,39,39,50
Brooklyn,255.0,"2,034",77,144,126,69,65,248,168,186,100,116,127,115,124,132,130,107
Brooklyn,256.0,735,32,55,70,30,34,85,68,68,39,32,37,42,37,35,38,33
Brooklyn,257.0,701,37,72,53,32,35,83,60,53,34,35,43,27,29,30,49,29
Brooklyn,258.0,"1,224",60,117,108,53,58,140,104,116,47,52,56,74,56,66,54,63
Brooklyn,259.01,690,27,41,67,38,44,83,65,57,23,29,33,30,32,40,35,46
Brooklyn,259.02,"1,441",50,103,77,56,54,150,154,135,70,73,93,88,85,92,84,77
Brooklyn,260.0,947,54,84,80,32,48,114,76,78,38,53,35,43,48,47,57,60
Brooklyn,261.0,"1,526",71,156,131,68,58,210,129,109,64,72,73,71,72,91,73,78
Brooklyn,262.0,570,21,37,40,21,21,71,51,58,36,38,28,33,23,26,36,30
Brooklyn,263.0,559,31,49,59,23,23,62,45,43,25,26,24,24,30,29,36,30
Brooklyn,264.0,"1,171",65,100,96,53,38,122,77,93,78,62,51,63,72,65,68,68
Brooklyn,265.0,"1,241",44,115,104,50,42,150,120,118,54,70,46,80,55,77,75,41
Brooklyn,266.0,959,36,90,77,41,39,115,82,102,37,44,51,47,42,46,55,55
Brooklyn,267.0,902,48,70,82,49,40,106,103,85,47,43,34,44,42,35,48,26
Brooklyn,268.0,"1,105",48,99,96,49,53,155,88,101,48,55,50,51,46,46,58,62
Brooklyn,269.0,699,30,67,56,21,22,67,50,71,31,25,43,46,39,40,43,48
Brooklyn,270.0,651,26,41,51,28,15,94,59,54,43,35,35,40,35,33,25,37
Brooklyn,271.0,754,25,60,61,28,28,107,75,72,32,35,42,34,42,40,37,36
Brooklyn,272.0,"1,000",26,75,100,40,39,137,90,80,50,61,52,46,53,55,42,54
Brooklyn,273.0,730,37,64,67,35,23,73,61,56,41,45,39,36,41,28,43,41
Brooklyn,274.0,769,41,69,60,38,40,103,53,72,45,28,36,35,30,43,34,42
Brooklyn,275.0,"1,059",39,87,94,49,41,110,97,85,62,36,60,46,61,62,48,82
Brooklyn,276.0,"1,007",52,96,110,57,41,134,71,96,53,39,26,44,40,42,55,51
Brooklyn,277.0,"1,374",76,95,118,58,53,184,112,125,68,79,77,86,80,72,45,46
Brooklyn,278.0,809,38,84,91,41,51,93,63,61,26,27,32,42,35,39,43,43
Brooklyn,279.0,"1,089",40,95,81,49,38,145,110,93,44,49,58,60,57,55,63,52
Brooklyn,280.0,401,17,43,35,23,12,49,24,32,14,16,17,30,16,24,25,24
Brooklyn,281.0,"1,604",77,147,132,82,69,197,140,136,86,82,62,82,75,64,100,73
Brooklyn,282.0,633,38,59,59,36,23,107,43,58,23,25,18,28,24,22,35,35
Brooklyn,283.0,"1,438",57,109,122,54,53,168,121,137,78,62,66,96,74,80,81,80
Brooklyn,284.0,"1,041",47,99,88,55,42,126,96,92,38,43,46,47,44,64,55,59
Brooklyn,285.01,137,11,8,17,7,9,18,10,12,8,6,2,11,5,4,7,2
Brooklyn,285.02,"1,002",31,64,54,35,38,119,98,96,53,55,49,51,72,70,61,56
Brooklyn,286.0,"1,140",78,132,121,59,48,162,94,84,32,59,40,40,49,39,56,47
Brooklyn,287.0,920,47,85,84,49,37,121,83,71,33,43,38,32,40,34,58,65
Brooklyn,288.0,856,41,66,78,35,49,100,60,94,34,38,28,45,40,44,61,43
Brooklyn,289.0,"1,165",53,99,90,46,51,147,100,99,56,51,59,67,61,61,67,58
Brooklyn,290.0,"1,060",49,111,102,44,55,133,82,83,51,45,47,52,53,52,50,51
Brooklyn,291.0,927,40,72,82,33,32,107,73,101,47,49,41,56,47,52,45,50
Brooklyn,292.0,690,39,69,62,28,36,79,56,64,31,24,28,38,29,32,29,46
Brooklyn,293.0,948,36,78,76,33,31,115,62,85,40,43,57,55,46,61,73,57
Brooklyn,294.0,439,20,35,44,17,13,42,44,38,19,23,24,14,24,23,29,30
Brooklyn,295.0,894,49,75,79,39,38,128,87,83,32,40,38,48,41,37,42,38
Brooklyn,296.0,"1,412",51,124,114,69,74,195,124,129,54,68,73,65,58,63,66,85
Brooklyn,297.0,922,47,76,77,52,39,94,94,86,47,45,45,53,43,39,44,41
Brooklyn,298.0,"1,019",46,100,89,52,44,119,92,81,54,41,41,48,50,57,40,65
Brooklyn,299.0,969,47,81,92,32,48,125,71,80,49,38,64,49,56,47,47,43
Brooklyn,300.0,"1,081",54,95,129,58,45,149,92,91,47,47,54,42,35,56,45,42
Brooklyn,301.0,903,33,71,71,42,33,98,88,94,40,46,51,46,40,50,64,36
Brooklyn,302.0,"1,020",64,102,106,39,58,131,87,88,43,42,40,40,46,46,45,43
Brooklyn,303.0,"1,761",78,147,178,76,62,220,159,145,95,79,84,82,107,79,88,82
Brooklyn,304.0,"1,017",52,81,83,54,41,151,83,93,53,59,54,52,43,25,46,47
Brooklyn,305.0,"1,076",67,112,99,35,42,126,94,91,47,44,51,39,54,42,48,85
Brooklyn,306.0,529,21,53,57,28,26,63,29,47,22,23,37,24,24,34,20,21
Brooklyn,307.0,"1,634",71,164,148,84,69,215,157,139,61,83,70,62,81,90,65,75
Brooklyn,308.0,403,11,40,38,22,14,50,32,28,23,20,16,21,18,27,22,21
Brooklyn,309.0,646,23,57,54,32,21,71,64,56,35,35,32,39,27,36,31,33
Brooklyn,311.0,920,46,83,79,37,36,138,79,92,46,40,45,51,31,35,46,36
Brooklyn,313.0,"1,087",60,113,112,39,33,140,89,64,42,50,57,65,48,49,52,74
Brooklyn,314.0,934,44,90,75,37,42,114,73,75,45,59,34,63,44,48,40,51
Brooklyn,315.0,"1,257",45,118,112,49,55,163,124,102,45,58,67,58,55,48,80,78
Brooklyn,317.01,896,43,71,76,37,37,123,75,78,35,43,36,42,41,49,55,55
Brooklyn,317.02,796,28,84,67,25,27,73,79,64,40,38,45,40,41,62,38,45
Brooklyn,319.0,"1,110",51,103,110,47,52,159,86,94,48,51,52,55,41,57,53,51
Brooklyn,321.0,"1,338",57,117,134,59,62,155,111,113,59,67,61,66,71,60,72,74
Brooklyn,323.0,891,49,80,74,31,32,107,84,85,41,43,38,52,47,48,47,33
Brooklyn,325.0,"1,862",92,179,180,89,80,225,166,180,83,85,74,76,82,88,96,87
Brooklyn,326.0,"2,645",91,207,193,81,118,295,261,259,116,148,135,158,150,146,156,131
Brooklyn,327.0,678,21,67,59,32,35,78,54,63,21,36,37,41,34,30,30,40
Brooklyn,328.0,979,37,65,82,38,34,123,74,114,39,48,38,52,51,67,55,62
Brooklyn,329.0,"1,621",100,189,135,65,61,188,127,133,69,77,83,67,70,80,77,100
Brooklyn,330.0,"1,656",47,132,113,65,66,191,127,155,70,96,95,125,95,98,97,84
Brooklyn,331.0,"1,669",128,195,146,65,81,198,138,139,68,82,64,69,65,68,68,95
Brooklyn,333.0,"1,650",94,177,150,53,76,219,130,130,74,77,73,74,63,87,82,91
Brooklyn,335.0,"1,192",45,80,88,40,49,140,88,114,54,54,47,60,63,76,94,100
Brooklyn,336.0,"1,302",56,107,113,54,53,182,108,107,56,60,81,69,52,67,59,78
Brooklyn,337.0,"1,446",86,155,127,70,60,158,115,107,47,47,57,55,69,116,97,80
Brooklyn,339.0,"1,151",49,123,102,48,60,154,99,85,53,51,46,48,61,41,53,78
Brooklyn,340.0,462,22,34,29,21,16,53,33,41,18,35,23,31,31,20,32,23
Brooklyn,341.0,632,29,62,54,23,24,74,54,55,28,38,24,32,36,35,33,31
Brooklyn,342.0,"1,974",55,129,147,73,75,218,169,212,85,97,123,138,111,137,115,90
Brooklyn,343.0,"1,900",76,140,137,63,72,248,183,190,86,90,116,109,102,83,112,93
Brooklyn,345.0,763,34,61,73,23,31,76,68,72,51,28,48,48,44,35,32,39
Brooklyn,347.0,"1,060",45,102,81,43,58,125,81,102,53,59,53,61,53,40,49,55
Brooklyn,348.0,919,59,101,89,45,37,114,75,65,43,44,40,40,49,35,45,38
Brooklyn,349.0,"1,705",66,145,133,70,71,183,154,162,87,72,87,88,104,81,114,88
Brooklyn,350.0,508,8,37,28,22,18,61,40,52,30,21,32,37,24,28,29,41
Brooklyn,351.0,"1,506",84,151,153,62,69,192,141,140,57,61,54,56,65,77,70,74
Brooklyn,352.0,86,1,10,7,13,1,13,9,8,3,0,4,6,3,1,2,5
Brooklyn,353.0,"1,751",66,151,125,52,84,241,172,140,86,96,75,93,86,96,106,82
Brooklyn,354.0,813,50,79,65,48,31,108,52,65,34,44,28,42,34,43,44,46
Brooklyn,355.0,"1,617",95,192,158,82,63,190,129,120,58,80,67,66,63,74,85,95
Brooklyn,356.01,344,10,31,20,18,14,32,28,35,17,12,15,21,24,19,20,28
Brooklyn,356.02,684,33,71,74,34,23,76,57,65,32,30,27,31,28,35,30,38
Brooklyn,357.0,975,49,81,80,46,38,129,106,94,52,50,39,50,37,49,40,35
Brooklyn,359.0,"2,167",101,182,201,82,100,306,147,174,124,97,131,110,118,105,95,94
Brooklyn,360.01,336,24,32,30,15,5,32,18,30,15,22,12,21,16,21,21,22
Brooklyn,360.02,402,12,44,29,16,11,39,34,32,21,18,16,35,21,15,30,29
Brooklyn,361.0,884,40,63,60,43,33,124,83,79,44,38,36,54,54,46,38,49
Brooklyn,362.0,"1,157",55,100,99,50,63,141,89,92,32,58,56,57,68,64,57,76
Brooklyn,363.0,"1,458",55,137,112,50,69,197,144,123,74,78,73,76,76,60,72,62
Brooklyn,364.0,573,18,54,46,24,30,76,47,50,16,20,36,39,28,21,38,30
Brooklyn,365.01,835,46,64,79,34,41,113,74,87,33,50,35,48,40,29,29,33
Brooklyn,365.02,372,18,41,39,18,23,43,34,31,14,17,8,13,16,20,15,22
Brooklyn,366.0,"1,322",76,130,130,57,58,165,118,106,51,46,54,70,63,65,62,71
Brooklyn,367.0,464,13,39,41,19,16,54,47,50,23,23,23,27,29,19,27,14
Brooklyn,369.0,"1,865",77,169,160,71,61,232,166,158,114,84,80,92,104,95,107,95
Brooklyn,370.0,987,46,106,98,60,48,107,65,94,44,36,58,40,51,34,46,54
Brooklyn,371.0,"1,491",66,159,126,71,51,223,117,118,65,77,85,65,60,78,56,74
Brooklyn,373.0,"1,238",70,116,125,57,53,160,97,113,60,58,53,63,71,43,44,55
Brooklyn,374.01,884,57,110,97,46,32,107,74,62,32,42,35,39,29,32,44,46
Brooklyn,374.02,836,41,80,71,31,39,90,75,79,37,31,48,39,47,39,37,52
Brooklyn,375.0,920,39,74,79,54,35,116,85,89,49,43,52,43,43,38,35,46
Brooklyn,377.0,"1,073",52,92,108,44,34,148,76,95,40,66,44,43,59,50,71,51
Brooklyn,379.0,"1,248",54,106,136,50,51,152,121,112,70,48,57,45,66,64,60,56
Brooklyn,381.0,"1,647",45,146,145,55,78,218,139,123,75,83,94,94,93,80,80,99
Brooklyn,382.0,"2,155",91,177,164,84,72,273,195,180,107,119,116,130,107,142,97,101
Brooklyn,383.0,"1,194",57,115,116,66,63,174,108,73,41,61,45,52,59,60,60,44
Brooklyn,385.0,"1,090",47,98,89,40,45,146,104,106,48,62,64,57,52,51,38,43
Brooklyn,386.0,974,50,81,76,35,46,124,75,82,36,42,44,51,62,71,46,53
Brooklyn,387.0,"1,233",59,111,127,51,41,168,95,89,72,61,60,60,54,64,72,49
Brooklyn,388.0,"1,093",73,126,132,63,51,136,83,85,41,44,38,40,46,51,41,43
Brooklyn,389.0,752,32,67,64,39,34,85,78,56,34,34,30,30,32,46,38,53
Brooklyn,390.0,775,63,80,89,40,34,109,60,56,32,27,37,22,31,22,29,44
Brooklyn,391.0,723,24,62,55,45,37,101,58,71,31,35,33,29,26,31,41,44
Brooklyn,392.0,882,57,83,69,32,35,112,72,82,36,38,45,44,40,44,59,34
Brooklyn,393.0,938,38,86,89,52,42,116,61,73,36,42,54,41,47,48,50,63
Brooklyn,394.0,869,43,77,90,43,35,107,75,82,44,38,37,30,35,42,49,42
Brooklyn,395.0,943,44,78,95,41,39,134,63,84,47,49,30,32,52,35,60,60
Brooklyn,396.0,773,36,52,51,27,39,108,94,78,49,32,32,47,32,26,42,28
Brooklyn,397.0,"1,078",39,88,110,50,45,145,81,93,44,46,45,59,60,45,60,68
Brooklyn,398.0,718,36,62,81,33,32,103,48,66,22,41,40,21,34,19,35,45
Brooklyn,399.0,"1,354",56,120,111,53,58,156,120,132,71,76,52,74,81,72,57,65
Brooklyn,400.0,741,33,95,55,37,41,94,63,58,27,24,21,37,40,41,29,46
Brooklyn,401.0,"1,166",58,103,79,36,35,118,91,106,54,71,47,46,51,93,102,76
Brooklyn,402.0,671,28,61,57,26,29,98,70,62,33,32,26,25,32,33,31,28
Brooklyn,403.0,"1,148",45,85,103,39,53,151,100,117,52,58,45,51,57,52,56,84
Brooklyn,404.0,644,31,53,68,18,32,69,53,56,34,25,26,39,31,41,36,32
Brooklyn,405.0,525,27,48,47,22,20,63,50,44,21,30,14,33,19,32,16,39
Brooklyn,406.0,755,35,71,74,39,35,95,72,59,30,33,28,32,33,40,40,39
Brooklyn,407.0,7,0,0,1,0,1,1,0,0,0,0,0,2,0,0,1,1
Brooklyn,408.0,960,51,78,80,35,45,115,88,86,41,45,43,50,48,55,56,44
Brooklyn,409.0,"1,356",69,141,128,63,54,184,113,114,44,57,61,61,64,65,73,65
Brooklyn,410.0,363,19,46,25,16,19,45,27,23,16,19,22,15,14,14,16,27
Brooklyn,411.0,"1,096",46,120,88,42,48,140,101,89,35,56,62,40,45,65,62,57
Brooklyn,412.0,739,30,71,75,32,27,91,77,65,28,30,40,31,37,41,38,26
Brooklyn,413.0,"1,336",49,90,124,55,69,184,146,101,64,63,42,42,86,79,79,63
Brooklyn,414.01,436,21,43,39,21,19,58,30,38,15,14,26,22,21,25,18,26
Brooklyn,414.02,394,29,36,33,23,14,38,27,36,13,16,19,24,16,22,20,28
Brooklyn,415.0,"1,472",46,118,116,70,38,205,154,127,80,67,89,82,67,80,70,63
Brooklyn,416.0,909,62,72,84,45,39,119,78,76,35,45,38,41,57,46,29,43
Brooklyn,417.0,"1,189",45,94,94,53,53,151,102,126,61,57,59,47,62,68,61,56
Brooklyn,418.0,808,35,84,92,39,45,118,85,60,35,31,36,29,24,34,31,30
Brooklyn,419.0,"1,368",57,99,133,46,61,138,129,116,55,73,82,79,68,78,67,87
Brooklyn,420.0,828,37,85,77,36,37,104,67,77,36,42,42,44,28,41,35,40
Brooklyn,421.0,"1,294",50,118,114,55,56,171,96,119,53,53,59,64,66,64,82,74
Brooklyn,422.0,"1,279",74,119,142,55,63,178,100,116,50,50,60,51,56,52,56,57
Brooklyn,423.0,"1,341",54,134,144,57,67,168,109,100,59,61,56,52,68,70,64,78
Brooklyn,424.0,947,49,94,90,48,50,117,87,74,45,44,35,41,40,41,41,51
Brooklyn,425.0,"1,029",58,92,80,40,40,121,92,99,46,35,38,48,48,57,67,68
Brooklyn,426.0,"1,056",39,89,70,60,37,136,108,102,52,61,54,49,45,51,47,56
Brooklyn,427.0,"1,607",99,136,136,83,60,204,112,141,60,60,71,72,57,87,107,122
Brooklyn,428.0,831,42,86,79,45,45,104,78,69,41,29,33,35,25,31,51,38
Brooklyn,429.0,"1,798",104,179,182,76,78,197,147,142,83,90,83,91,75,85,101,85
Brooklyn,430.0,766,33,59,81,31,26,82,56,74,25,38,54,37,36,32,44,58
Brooklyn,431.0,"1,697",93,165,159,88,64,223,136,116,81,48,79,77,63,80,102,123
Brooklyn,432.0,"1,039",57,100,99,40,50,149,76,72,40,41,44,48,49,45,59,70
Brooklyn,433.0,"1,431",63,129,132,71,54,192,111,119,62,59,79,68,74,69,80,69
Brooklyn,434.0,770,20,60,62,39,29,95,67,74,32,31,42,35,52,43,47,42
Brooklyn,435.0,"1,558",71,135,106,52,58,187,141,139,81,79,94,90,74,86,74,91
Brooklyn,436.0,994,50,94,88,44,42,129,69,86,61,40,36,42,54,54,43,62
Brooklyn,437.0,"1,693",74,146,165,56,78,201,138,132,62,65,74,102,73,99,109,119
Brooklyn,438.0,763,40,80,80,26,30,105,67,57,41,38,28,28,41,35,31,36
Brooklyn,439.0,"1,199",65,122,119,60,46,167,91,91,45,57,47,57,52,64,63,53
Brooklyn,440.0,"1,049",71,133,115,51,47,102,94,90,51,38,47,52,39,31,44,44
Brooklyn,441.0,"1,686",80,152,146,104,71,204,124,127,78,64,58,88,108,89,92,101
Brooklyn,442.0,"1,058",64,139,106,54,43,128,79,82,50,35,43,48,39,51,52,45
Brooklyn,443.0,"1,760",82,199,171,87,81,251,144,119,62,58,78,65,71,83,103,106
Brooklyn,444.0,"1,127",73,132,112,60,51,131,77,79,35,49,48,50,52,68,55,55
Brooklyn,445.0,"1,221",61,114,119,54,55,146,106,99,55,47,56,62,67,56,54,70
Brooklyn,446.0,503,23,46,44,20,12,69,44,56,11,19,21,22,29,23,37,27
Brooklyn,447.0,712,38,81,66,31,34,100,55,53,33,30,25,24,33,36,36,37
Brooklyn,448.0,629,31,68,67,31,35,95,51,59,36,23,22,16,26,23,26,20
Brooklyn,449.0,826,27,63,45,35,28,76,79,80,42,40,47,45,61,48,56,54
Brooklyn,450.0,297,17,24,34,13,11,39,30,33,7,10,11,11,18,14,13,12
Brooklyn,452.0,"1,005",83,117,118,48,50,111,74,79,32,47,46,43,30,44,42,41
Brooklyn,453.0,402,16,29,32,15,13,52,33,34,14,16,15,14,22,24,28,45
Brooklyn,454.0,732,39,74,76,42,29,88,62,64,30,33,31,31,35,35,31,32
Brooklyn,456.0,765,37,68,58,29,39,94,70,67,42,29,38,44,45,35,33,37
Brooklyn,458.0,543,15,41,39,21,13,78,57,57,26,32,44,29,27,20,24,20
Brooklyn,460.0,"1,121",49,96,99,35,47,140,100,104,60,42,50,68,55,55,64,57
Brooklyn,462.01,802,42,93,81,36,47,127,66,58,33,40,30,29,34,30,29,27
Brooklyn,462.02,710,45,69,81,28,31,97,66,64,30,25,33,37,22,26,33,23
Brooklyn,464.0,"1,524",71,141,163,79,68,227,144,136,83,71,65,77,59,53,47,40
Brooklyn,468.0,"1,060",77,111,131,79,63,188,104,88,45,38,33,28,25,20,14,16
Brooklyn,470.0,"1,436",66,157,132,61,65,211,112,144,57,88,72,49,68,53,52,49
Brooklyn,472.0,"1,626",77,181,191,87,76,249,159,135,64,64,65,69,70,49,47,43
Brooklyn,474.0,"1,437",88,170,143,76,69,200,119,116,58,77,55,60,59,66,32,49
Brooklyn,476.0,"1,782",88,186,186,81,85,236,154,171,72,84,69,83,76,87,65,59
Brooklyn,477.0,310,35,40,35,10,10,27,14,26,13,7,14,4,13,15,16,31
Brooklyn,478.0,"2,281",126,224,213,99,104,329,205,198,117,89,103,90,90,102,105,87
Brooklyn,480.0,"1,584",90,156,161,92,93,221,142,139,65,68,72,54,71,54,50,56
Brooklyn,481.0,369,19,31,23,10,20,31,24,28,19,18,19,21,20,17,25,44
Brooklyn,482.0,"1,532",92,144,149,68,57,191,131,116,73,59,76,68,77,62,76,93
Brooklyn,484.0,"2,243",106,193,193,113,103,326,217,193,118,104,96,116,93,95,92,85
Brooklyn,485.0,409,16,29,28,14,9,31,22,32,9,12,18,15,25,36,49,64
Brooklyn,486.0,"1,349",64,114,127,70,78,186,120,114,59,55,60,61,58,71,49,63
Brooklyn,488.0,"1,499",54,126,142,67,62,209,125,134,69,78,76,78,78,63,51,87
Brooklyn,489.0,"1,523",61,125,118,46,66,176,127,147,65,66,87,94,74,90,89,92
Brooklyn,490.0,"1,736",95,157,163,67,79,238,149,149,73,84,67,89,74,84,86,82
Brooklyn,491.0,"1,717",78,142,114,70,55,211,133,145,79,93,91,95,99,93,109,110
Brooklyn,492.0,"1,034",52,91,109,52,48,129,96,92,44,51,51,51,40,41,45,42
Brooklyn,493.0,"2,087",98,171,140,79,74,246,168,170,107,102,90,106,101,133,145,157
Brooklyn,494.0,"1,316",63,128,118,57,75,175,113,117,46,60,56,58,66,70,58,56
Brooklyn,495.0,367,17,28,29,12,12,42,26,29,13,22,12,14,21,17,37,36
Brooklyn,496.0,"1,294",55,141,116,54,53,161,107,124,53,54,49,58,57,82,48,82
Brooklyn,497.0,272,24,34,29,12,11,27,14,9,13,3,7,7,12,15,27,28
Brooklyn,498.0,"1,100",50,117,103,63,71,144,92,95,46,41,42,54,35,51,50,46
Brooklyn,499.0,249,25,27,24,9,4,23,15,14,10,12,6,10,6,15,14,35
Brooklyn,500.0,731,52,105,82,32,37,97,54,63,30,35,28,33,17,18,21,27
Brooklyn,501.0,335,19,40,30,12,13,31,23,22,12,10,12,19,10,20,28,34
Brooklyn,502.02,447,45,65,62,22,30,63,25,33,17,20,16,14,3,11,12,9
Brooklyn,503.0,374,23,27,24,11,13,52,31,35,11,17,8,24,19,25,27,27
Brooklyn,504.0,996,58,116,128,48,50,128,83,86,33,44,35,43,35,32,37,40
Brooklyn,505.0,919,35,74,88,34,34,109,71,90,33,40,40,58,47,39,67,60
Brooklyn,506.0,"1,885",94,198,196,87,92,244,152,133,70,82,94,84,88,87,94,90
Brooklyn,507.0,"1,323",77,162,178,80,83,226,146,110,40,37,31,29,38,27,24,35
Brooklyn,508.01,"1,293",58,129,114,55,52,149,107,106,54,62,74,62,67,63,68,73
Brooklyn,508.03,659,33,49,48,24,19,80,52,50,27,29,39,40,34,37,42,56
Brooklyn,508.04,"1,857",105,183,189,63,81,240,173,147,62,90,79,87,92,88,84,94
Brooklyn,509.0,"2,438",134,288,271,153,128,381,240,226,129,90,96,84,82,64,31,41
Brooklyn,510.01,"1,236",54,105,109,48,51,157,111,105,56,51,59,65,60,77,71,57
Brooklyn,510.02,"1,425",67,132,139,55,72,186,105,143,51,71,63,66,55,65,77,78
Brooklyn,511.0,812,31,76,62,37,16,77,72,78,43,41,39,48,43,40,51,58
Brooklyn,512.0,"1,945",80,145,164,83,72,243,183,173,97,86,120,104,105,99,100,91
Brooklyn,513.0,695,20,52,42,31,22,86,52,46,21,37,37,42,38,49,58,62
Brooklyn,514.0,"2,140",106,202,176,80,98,285,169,215,88,102,90,98,106,101,125,99
Brooklyn,515.0,152,16,23,19,5,9,15,7,10,3,4,7,7,6,3,8,10
Brooklyn,516.01,"1,911",91,212,132,84,68,224,170,182,83,94,84,86,112,95,105,89
Brooklyn,516.02,"1,232",61,114,100,65,55,171,107,87,54,55,56,69,49,53,67,69
Brooklyn,517.0,159,20,21,15,3,7,10,9,12,10,4,6,7,8,5,13,9
Brooklyn,518.0,816,38,96,72,40,35,84,52,75,46,39,45,29,46,31,47,41
Brooklyn,519.0,434,34,67,37,14,15,36,30,28,17,13,24,11,11,11,38,48
Brooklyn,520.0,"1,244",64,131,133,60,53,180,111,92,52,46,57,61,53,55,46,50
Brooklyn,523.0,"1,214",64,92,98,48,55,119,88,99,50,66,63,62,79,65,74,92
Brooklyn,525.0,"1,422",97,189,168,70,58,187,98,116,55,56,48,48,57,57,56,62
Brooklyn,526.0,"1,175",58,131,114,53,49,159,93,101,48,45,51,58,54,57,47,57
Brooklyn,527.0,"1,874",82,153,162,74,65,229,168,153,77,100,85,93,84,109,130,110
Brooklyn,528.0,543,22,47,45,18,28,67,53,65,29,33,26,17,19,25,29,20
Brooklyn,529.0,"2,103",195,334,297,106,83,245,128,123,56,79,61,68,70,67,97,94
Brooklyn,530.0,"1,183",59,117,108,55,53,148,99,117,58,54,46,57,47,45,62,58
Brooklyn,531.0,"4,524",338,656,589,325,267,713,393,325,136,129,115,107,95,118,105,113
Brooklyn,532.0,768,51,71,69,36,31,85,63,67,27,42,31,39,33,51,31,41
Brooklyn,533.0,"3,514",326,578,464,181,168,391,238,202,112,121,94,132,94,131,129,153
Brooklyn,534.0,"1,535",77,146,145,58,60,216,142,161,69,89,65,70,63,47,69,58
Brooklyn,535.0,"2,396",195,345,283,110,110,278,150,178,87,83,81,86,93,106,95,116
Brooklyn,537.0,"2,162",142,288,256,127,107,307,189,182,76,79,89,65,68,70,65,52
Brooklyn,538.0,"1,078",64,118,108,64,49,125,77,81,38,36,50,65,45,45,52,61
Brooklyn,539.0,"1,281",78,128,123,68,38,157,117,113,48,61,68,64,61,70,45,42
Brooklyn,542.0,"1,497",75,132,138,67,63,208,129,118,65,64,74,70,68,72,72,82
Brooklyn,543.0,40,5,11,6,4,0,4,1,0,2,1,1,0,1,1,0,3
Brooklyn,544.0,"1,011",55,112,79,40,35,119,85,93,38,49,48,51,53,51,53,50
Brooklyn,545.0,"3,936",194,352,366,187,196,560,366,367,190,197,176,204,188,162,119,112
Brooklyn,546.0,"1,034",50,95,100,43,44,133,81,72,40,46,49,57,57,45,62,60
Brooklyn,547.0,"2,534",153,285,245,147,106,359,226,193,96,118,125,92,91,113,106,79
Brooklyn,548.0,672,34,56,68,33,33,87,56,55,26,36,33,25,36,28,39,27
Brooklyn,549.0,985,79,150,124,59,75,157,77,68,40,17,22,22,14,16,26,39
Brooklyn,550.0,975,59,102,90,39,48,120,101,68,45,31,39,47,46,42,49,49
Brooklyn,551.0,857,46,95,81,33,32,94,65,55,31,41,35,44,42,42,45,76
Brooklyn,552.0,843,35,62,50,38,27,114,52,85,34,50,42,56,42,50,50,56
Brooklyn,553.0,307,15,41,27,16,9,36,22,11,11,9,13,11,11,20,23,32
Brooklyn,554.0,"1,054",66,99,109,44,59,119,74,100,40,42,42,54,48,44,62,52
Brooklyn,555.0,337,27,48,44,19,16,40,17,17,12,11,5,11,8,18,21,23
Brooklyn,556.0,"1,171",60,106,105,62,56,153,112,109,48,49,59,57,59,53,41,42
Brooklyn,557.0,198,28,33,14,3,2,7,9,13,2,4,11,8,6,15,21,22
Brooklyn,558.0,665,29,49,66,26,24,84,49,57,41,33,32,38,32,36,33,36
Brooklyn,560.0,890,37,87,82,34,44,110,76,70,36,38,54,37,34,47,48,56
Brooklyn,561.0,458,30,40,36,19,15,50,29,54,23,21,24,18,34,21,21,23
Brooklyn,562.0,575,25,53,59,24,33,76,66,46,30,27,18,26,21,24,27,20
Brooklyn,563.0,609,45,51,40,26,23,69,43,51,38,27,25,22,27,30,41,51
Brooklyn,564.0,621,26,58,72,26,21,86,45,52,21,31,37,30,30,27,29,30
Brooklyn,565.0,406,30,37,33,24,20,37,26,33,12,17,8,24,23,18,27,37
Brooklyn,566.0,530,21,43,48,32,20,74,43,43,29,29,22,21,33,20,24,28
Brooklyn,568.0,305,5,34,30,12,7,38,21,35,15,14,26,17,14,6,17,14
Brooklyn,569.0,211,16,25,26,8,9,15,13,14,11,12,8,9,7,8,15,15
Brooklyn,570.0,563,22,60,61,18,28,71,42,53,25,29,30,27,27,23,23,24
Brooklyn,571.0,575,30,68,55,23,24,59,39,41,25,28,22,35,28,30,26,42
Brooklyn,572.0,"2,016",59,138,135,63,69,221,181,190,112,131,114,130,122,109,127,115
Brooklyn,573.0,407,30,38,29,19,14,45,27,27,17,22,16,19,24,18,28,34
Brooklyn,574.0,648,25,55,53,29,19,88,69,55,29,35,36,25,44,30,23,33
Brooklyn,575.0,597,37,50,44,20,21,74,43,49,24,32,26,25,36,27,39,50
Brooklyn,576.0,698,33,55,56,25,38,87,43,72,32,37,33,36,34,29,36,52
Brooklyn,578.0,888,29,68,59,47,31,128,89,84,30,38,41,64,46,47,35,52
Brooklyn,579.0,230,4,20,14,10,16,20,31,22,11,13,11,16,10,11,9,12
Brooklyn,580.0,964,44,97,86,41,36,118,79,82,44,43,50,48,49,44,46,57
Brooklyn,582.0,943,61,80,82,48,41,129,90,91,39,38,35,42,36,38,40,53
Brooklyn,584.0,882,49,112,101,36,41,114,66,55,32,36,42,41,51,46,37,23
Brooklyn,586.0,675,19,56,61,19,32,109,53,61,21,28,31,33,38,32,46,36
Brooklyn,588.0,643,51,52,56,26,33,82,51,53,28,17,19,33,32,35,34,41
Brooklyn,589.0,267,14,33,14,14,15,39,14,25,6,13,12,11,10,8,19,20
Brooklyn,590.0,513,15,37,43,18,19,66,48,50,26,36,31,25,28,26,17,28
Brooklyn,591.0,559,36,57,50,25,32,71,38,41,14,27,31,21,26,28,31,31
Brooklyn,592.0,829,52,73,70,30,34,105,67,74,29,43,44,34,45,34,51,44
Brooklyn,593.0,399,24,34,33,18,15,45,38,30,11,17,14,21,19,19,29,32
Brooklyn,594.01,"1,729",81,124,149,77,65,245,140,152,75,91,79,64,98,101,82,106
Brooklyn,594.02,861,45,76,88,40,38,132,69,65,37,28,33,38,44,28,45,55
Brooklyn,596.0,359,17,38,23,26,13,54,27,31,11,15,8,17,15,15,28,21
Brooklyn,598.0,893,42,83,108,39,41,127,69,70,38,40,41,38,41,35,40,41
Brooklyn,600.0,"1,206",84,111,119,47,63,158,85,100,49,46,57,58,58,61,43,67
Brooklyn,606.0,476,28,47,50,22,11,54,38,34,16,26,20,32,23,22,20,33
Brooklyn,608.0,751,41,72,60,30,29,81,51,43,36,33,44,50,36,36,42,67
Brooklyn,610.02,803,45,96,99,45,34,95,69,72,35,40,23,29,33,27,33,28
Brooklyn,610.03,663,22,43,56,28,29,70,53,61,34,25,35,38,36,48,48,37
Brooklyn,610.04,"1,094",74,113,103,51,48,129,88,104,44,39,46,46,45,57,48,59
Brooklyn,612.0,270,13,20,21,9,15,31,21,34,13,17,13,11,7,17,10,18
Brooklyn,616.0,311,14,20,22,18,21,53,27,32,9,18,10,7,17,11,16,16
Brooklyn,620.0,462,25,41,47,26,13,78,36,34,29,21,18,17,19,21,22,15
Brooklyn,622.0,632,46,80,68,25,21,70,47,39,29,28,21,31,34,32,34,27
Brooklyn,626.0,659,28,65,52,26,29,82,63,53,26,20,29,29,37,34,42,44
Brooklyn,628.0,"1,355",62,107,109,62,60,192,114,130,72,55,73,57,49,72,74,67
Brooklyn,632.0,258,11,24,14,8,12,39,30,16,13,14,14,6,16,12,15,14
Brooklyn,636.0,329,10,42,33,20,20,40,24,33,10,15,14,19,15,15,13,6
Brooklyn,638.0,316,6,36,28,10,21,38,29,28,14,8,13,9,11,23,22,20
Brooklyn,640.0,488,16,50,47,35,20,60,39,49,16,22,28,26,16,20,20,24
Brooklyn,642.0,759,34,72,96,31,37,99,64,70,33,26,44,25,34,32,26,36
Brooklyn,644.0,936,69,90,119,37,44,144,100,81,53,28,36,28,28,22,34,23
Brooklyn,646.0,785,31,77,82,52,53,123,75,68,28,31,27,26,33,29,30,20
Brooklyn,648.0,666,24,72,79,36,35,100,67,66,25,23,20,26,31,21,23,18
Brooklyn,650.0,330,18,23,30,20,15,39,27,31,16,15,13,20,20,14,14,15
Brooklyn,652.0,330,14,21,33,11,22,48,32,39,15,14,14,24,12,12,11,8
Brooklyn,654.0,463,24,35,56,35,25,76,57,38,19,13,12,13,19,8,19,14
Brooklyn,656.0,465,18,38,48,18,23,59,54,50,21,20,22,24,15,18,22,15
Brooklyn,658.0,455,28,50,52,23,16,59,35,45,16,19,19,17,14,15,23,24
Brooklyn,660.0,470,14,48,54,28,22,62,39,46,22,16,26,24,23,13,13,20
Brooklyn,662.0,334,12,29,31,15,12,45,35,32,13,19,12,22,14,10,21,12
Brooklyn,666.0,0,0,0,0,0,0,0,0,0,0,0,0,0,0,0,0,0
Brooklyn,670.0,774,55,70,54,33,31,108,66,60,29,46,35,44,36,36,40,31
Brooklyn,672.0,434,19,35,27,15,24,65,45,50,23,18,17,24,20,18,15,19
Brooklyn,674.0,536,19,39,32,20,17,75,31,56,28,29,30,25,33,24,39,39
Brooklyn,676.0,468,15,33,27,18,23,53,36,50,23,30,21,20,32,30,34,23
Brooklyn,678.0,727,19,58,45,29,27,92,43,58,41,40,42,45,48,40,51,49
Brooklyn,680.0,586,15,44,32,30,27,79,49,45,36,32,34,36,38,28,33,28
Brooklyn,682.0,723,27,52,50,32,25,100,61,62,42,28,46,32,46,43,37,40
Brooklyn,686.0,343,7,30,21,12,13,57,32,35,16,21,20,13,23,19,14,10
Brooklyn,688.0,423,16,37,32,16,9,50,40,33,33,24,21,35,19,17,20,21
Brooklyn,690.0,489,19,32,30,20,18,70,50,45,17,49,18,28,21,24,29,19
Brooklyn,692.0,720,35,50,62,30,16,98,61,60,37,42,42,38,31,39,40,39
Brooklyn,696.01,"1,111",43,65,96,45,53,171,103,105,65,68,44,62,39,55,56,41
Brooklyn,696.02,"1,708",69,137,128,68,83,244,162,162,93,87,91,84,73,75,65,87
Brooklyn,698.0,351,15,35,34,14,24,61,32,29,7,16,12,20,13,7,14,18
Brooklyn,700.0,433,19,34,37,34,23,62,37,37,21,19,17,22,24,15,15,17
Brooklyn,702.01,"1,736",75,185,167,94,87,242,161,159,73,75,73,76,74,60,64,71
Brooklyn,702.02,11,0,1,1,0,0,3,0,2,0,0,0,3,0,1,0,0
Brooklyn,702.03,0,0,0,0,0,0,0,0,0,0,0,0,0,0,0,0,0
Brooklyn,706.0,622,41,51,62,37,24,74,64,51,16,30,32,25,18,40,25,32
Brooklyn,720.0,752,45,59,49,25,28,89,70,78,29,45,38,43,38,40,36,40
Brooklyn,722.0,659,24,59,63,29,25,65,67,58,31,28,33,26,49,35,32,35
Brooklyn,724.0,425,20,33,27,14,23,53,38,44,24,18,16,22,23,26,25,19
Brooklyn,726.0,533,16,52,43,33,17,56,48,43,29,23,28,25,27,28,30,35
Brooklyn,728.0,753,30,88,65,32,21,85,75,50,28,39,34,43,41,39,41,42
Brooklyn,730.0,459,16,27,33,10,16,66,41,27,14,22,28,39,30,25,33,32
Brooklyn,732.0,535,20,41,32,12,23,69,50,45,27,19,31,26,34,40,42,24
Brooklyn,734.0,548,17,30,32,23,26,67,38,52,20,28,31,31,43,39,38,33
Brooklyn,736.0,"1,040",43,93,96,40,38,114,95,101,49,61,50,60,52,45,61,42
Brooklyn,738.0,"1,099",46,99,105,44,47,142,111,90,49,51,48,62,45,55,49,56
Brooklyn,740.0,"1,169",59,106,88,53,44,163,105,110,48,62,50,53,63,58,57,50
Brooklyn,742.0,"1,275",56,96,105,58,56,179,130,134,68,62,71,55,57,57,48,43
Brooklyn,744.0,"1,223",58,94,122,60,77,205,124,109,70,45,57,47,52,31,38,34
Brooklyn,746.0,762,41,89,81,33,36,108,65,64,24,37,36,32,30,30,29,27
Brooklyn,748.0,822,34,77,73,41,42,111,83,75,38,46,39,48,33,22,28,32
Brooklyn,750.0,"1,243",71,136,142,59,59,154,108,110,54,63,49,64,37,51,35,51
Brooklyn,752.0,458,11,34,30,19,18,56,38,39,16,42,18,33,29,25,28,22
Brooklyn,754.0,601,20,48,49,25,26,76,47,64,29,26,43,27,35,25,31,30
Brooklyn,756.0,750,34,57,75,31,26,115,74,69,33,42,32,39,25,39,35,24
Brooklyn,758.0,589,22,41,50,19,19,71,58,66,35,37,37,34,24,25,22,29
Brooklyn,760.0,854,35,84,60,35,29,86,62,83,45,47,47,54,45,52,42,48
Brooklyn,762.0,"1,290",42,115,95,56,57,158,113,127,71,50,43,66,66,64,96,71
Brooklyn,764.0,"1,010",30,104,89,43,38,111,72,99,41,55,62,45,55,43,55,68
Brooklyn,766.0,609,39,44,59,23,16,83,75,48,31,26,29,28,24,24,35,25
Brooklyn,768.0,"1,241",84,135,125,65,55,171,83,105,60,51,61,50,48,56,45,47
Brooklyn,770.0,739,45,77,77,36,32,92,54,59,35,27,33,19,33,39,37,44
Brooklyn,772.0,"1,063",49,84,79,29,32,119,108,92,54,59,60,65,54,56,67,56
Brooklyn,774.0,901,50,97,101,43,43,122,65,67,44,38,33,31,39,41,51,36
Brooklyn,776.0,945,31,85,80,49,39,120,83,72,49,47,43,53,42,53,58,41
Brooklyn,780.0,552,10,29,30,21,27,62,46,63,42,36,32,26,22,33,35,38
Brooklyn,782.0,"1,129",56,98,92,40,38,136,93,124,57,43,53,58,64,55,67,55
Brooklyn,784.0,634,19,54,44,25,22,85,62,57,40,28,30,30,44,38,25,31
Brooklyn,786.0,"1,155",63,123,123,57,51,127,89,96,54,42,57,58,50,58,46,61
Brooklyn,788.0,"1,100",36,98,87,52,48,130,93,108,50,69,55,50,47,66,50,61
Brooklyn,790.0,"1,517",71,142,115,58,66,190,119,134,73,86,85,80,78,73,72,75
Brooklyn,792.0,"1,519",77,132,147,75,74,206,128,125,57,70,74,53,90,69,70,72
Brooklyn,794.0,569,25,47,41,27,26,92,61,57,21,29,20,30,19,22,24,28
Brooklyn,796.01,"1,125",52,113,114,41,40,144,106,91,45,58,58,50,57,51,49,56
Brooklyn,796.02,"1,394",69,128,120,53,51,171,136,115,60,71,52,68,76,66,70,88
Brooklyn,798.01,617,23,54,47,30,23,97,51,49,29,26,34,29,38,24,31,32
Brooklyn,798.02,"1,272",74,117,117,54,58,156,114,110,48,66,50,67,55,70,52,64
Brooklyn,800.0,877,33,74,87,35,33,110,88,82,56,43,42,42,45,39,31,37
Brooklyn,802.0,"1,142",58,88,83,52,69,132,111,114,58,61,52,65,50,57,39,53
Brooklyn,804.0,950,48,86,90,35,32,122,83,78,41,52,38,45,53,40,51,56
Brooklyn,806.0,"1,157",74,144,108,55,60,174,95,80,44,34,38,54,41,44,50,62
Brooklyn,808.0,55,0,0,0,1,1,2,2,5,3,4,4,5,4,4,7,13
Brooklyn,810.0,608,23,60,54,30,23,88,57,62,28,20,29,29,31,24,29,21
Brooklyn,814.0,703,23,53,66,32,25,96,54,64,30,32,39,33,46,37,42,31
Brooklyn,816.0,861,39,63,71,33,34,89,75,100,35,50,36,48,40,52,51,45
Brooklyn,818.0,"1,235",60,123,109,61,52,165,105,106,51,46,53,43,58,62,65,76
Brooklyn,820.0,"1,645",86,166,159,75,68,192,136,137,70,75,92,83,86,86,64,70
Brooklyn,822.0,"1,948",97,166,194,93,78,233,158,171,73,86,93,99,91,103,125,88
Brooklyn,824.0,"1,429",53,130,135,69,53,195,123,119,68,68,46,73,76,70,60,91
Brooklyn,826.0,"1,640",64,169,133,71,73,205,125,146,70,78,81,86,94,74,93,78
Brooklyn,828.0,"1,123",47,91,108,39,46,167,106,96,43,44,58,51,55,67,62,43
Brooklyn,830.0,"1,902",81,193,168,74,69,245,161,162,90,105,92,86,83,108,92,93
Brooklyn,832.0,615,21,52,63,17,33,78,57,65,31,23,35,26,40,21,28,25
Brooklyn,834.0,418,22,30,35,8,18,40,37,40,25,23,23,22,29,20,29,17
Brooklyn,836.0,506,28,46,43,12,22,54,52,57,21,31,26,24,15,19,35,21
Brooklyn,838.0,519,12,37,41,21,13,70,39,46,30,24,34,29,33,27,33,30
Brooklyn,840.0,610,20,56,38,19,16,78,50,51,30,30,36,40,32,40,37,37
Brooklyn,846.0,493,21,48,46,29,25,51,52,49,20,19,13,18,13,31,25,33
Brooklyn,848.0,495,18,43,53,17,22,58,50,30,18,25,21,24,19,31,27,39
Brooklyn,850.0,347,16,25,31,9,8,43,28,35,23,18,9,22,12,17,30,21
Brooklyn,852.0,11,0,0,0,1,0,0,1,2,0,0,3,0,0,1,1,2
Brooklyn,854.0,566,22,41,41,18,16,74,49,54,28,20,34,43,34,30,27,35
Brooklyn,856.0,"1,011",36,87,91,44,43,135,69,97,58,44,41,39,52,61,62,52
Brooklyn,858.0,693,25,56,64,25,33,83,59,56,28,39,44,34,46,25,25,51
Brooklyn,860.0,981,37,81,62,35,39,168,83,106,43,42,62,55,37,43,40,48
Brooklyn,862.0,877,31,65,78,44,40,107,88,78,38,50,40,33,39,54,37,55
Brooklyn,864.0,641,22,58,38,34,24,87,68,54,39,31,23,33,29,21,37,43
Brooklyn,866.0,853,31,91,89,27,30,125,83,73,38,39,37,40,32,40,42,36
Brooklyn,868.0,956,37,79,63,27,33,110,84,88,49,48,62,61,52,63,57,43
Brooklyn,870.0,889,37,75,81,41,36,101,93,79,31,41,43,45,48,54,47,37
Brooklyn,872.0,736,27,60,57,23,36,95,70,58,44,36,33,45,35,44,38,35
Brooklyn,874.01,793,43,71,61,41,35,95,67,54,34,33,41,37,50,31,51,49
Brooklyn,876.0,575,24,47,59,27,17,75,51,43,22,28,40,34,25,27,35,21
Brooklyn,878.0,759,38,62,69,21,40,95,62,54,44,27,33,47,28,43,46,50
Brooklyn,880.0,777,25,66,63,41,37,109,81,56,33,44,34,46,36,33,33,40
Brooklyn,882.0,"2,116",88,165,194,91,97,249,180,181,89,95,127,117,119,99,119,106
Brooklyn,884.0,"1,682",74,146,146,58,75,250,165,146,86,75,77,72,88,78,85,61
Brooklyn,886.0,"1,256",72,126,111,56,55,180,84,107,70,56,58,57,43,63,52,66
Brooklyn,888.0,"1,209",53,99,135,43,51,164,115,116,53,63,68,47,52,60,53,37
Brooklyn,890.0,"1,920",93,180,206,73,100,255,161,156,101,92,81,77,86,84,95,80
Brooklyn,892.0,"1,172",43,108,110,49,35,156,108,113,48,59,81,51,52,49,61,49
Brooklyn,894.0,"1,157",54,120,108,47,47,165,117,80,58,43,61,47,70,50,58,32
Brooklyn,896.0,"1,230",52,136,114,56,47,172,88,86,68,65,62,66,60,56,54,48
Brooklyn,898.0,722,28,57,76,21,32,113,73,57,29,35,41,28,27,46,27,32
Brooklyn,900.0,"2,117",64,157,151,99,55,268,179,190,101,109,134,135,129,120,107,119
Brooklyn,902.0,"1,348",54,113,112,53,60,156,112,128,75,72,58,76,73,68,62,76
Brooklyn,906.0,"1,976",89,163,133,92,79,278,188,177,101,98,93,105,94,98,86,102
Brooklyn,908.0,"1,689",91,154,153,69,67,259,125,137,93,67,82,82,67,76,82,85
Brooklyn,910.0,"2,213",82,173,167,86,75,244,199,221,104,123,111,119,120,120,136,133
Brooklyn,912.0,"2,929",99,225,212,88,93,334,276,270,164,166,163,184,172,172,155,156
Brooklyn,916.0,"1,568",67,120,140,76,59,191,135,135,80,67,93,86,86,72,77,84
Brooklyn,918.0,989,39,81,73,45,54,134,82,69,51,53,52,46,56,50,46,58
Brooklyn,920.0,"1,273",55,95,81,58,59,152,113,107,58,79,64,61,71,77,83,60
Brooklyn,922.0,744,30,57,52,36,26,90,83,73,43,35,47,50,31,30,18,43
Brooklyn,924.0,"1,051",35,74,93,46,36,112,86,110,59,84,72,61,51,55,48,29
Brooklyn,928.0,722,33,55,41,31,19,102,63,62,41,35,41,43,31,45,37,43
Brooklyn,930.0,607,26,43,49,33,12,69,37,57,27,43,33,46,22,24,40,46
Brooklyn,932.0,254,9,21,12,17,17,37,18,22,14,11,14,10,14,12,11,15
Brooklyn,934.0,527,23,34,46,17,25,79,27,52,26,26,32,25,31,29,21,34
Brooklyn,936.0,461,23,30,32,26,21,73,31,40,15,28,25,32,15,23,21,26
Brooklyn,938.0,684,24,63,59,19,27,78,63,47,50,36,35,31,39,44,37,32
Brooklyn,944.01,848,23,56,56,50,23,112,76,88,49,38,49,59,42,38,52,37
Brooklyn,944.02,"1,133",38,74,81,39,37,153,104,95,70,53,58,51,79,71,62,68
Brooklyn,946.0,439,12,38,32,15,16,46,48,50,21,24,28,24,27,16,19,23
Brooklyn,950.0,806,35,46,72,23,24,83,63,79,33,39,50,55,70,42,41,51
Brooklyn,954.0,"1,316",33,109,111,52,65,181,92,120,68,62,70,90,66,59,76,62
Brooklyn,956.0,"1,253",49,97,102,51,57,155,117,94,63,51,58,81,73,67,74,64
Brooklyn,958.0,"1,068",48,82,75,30,48,118,81,116,59,47,75,63,55,67,62,42
Brooklyn,960.0,0,0,0,0,0,0,0,0,0,0,0,0,0,0,0,0,0
Brooklyn,962.0,564,27,52,52,22,27,79,42,40,27,35,18,19,26,27,37,34
Brooklyn,964.0,729,30,68,55,33,27,85,51,65,32,34,40,42,41,27,58,41
Brooklyn,966.0,659,37,56,45,23,25,78,69,60,33,38,29,40,42,30,30,24
Brooklyn,968.0,488,24,35,36,21,14,63,36,55,20,24,25,25,24,28,38,20
Brooklyn,970.0,604,16,61,50,15,31,96,63,47,30,26,28,17,23,32,45,24
Brooklyn,974.0,736,29,56,68,31,33,88,67,75,38,41,48,25,28,29,40,40
Brooklyn,982.0,"1,733",65,119,116,59,73,223,158,156,85,87,89,101,92,106,99,105
Brooklyn,984.0,595,27,38,46,28,30,79,54,48,25,28,43,37,30,28,32,22
Brooklyn,986.0,836,42,98,68,29,37,84,71,64,37,55,30,48,44,52,36,41
Brooklyn,988.0,763,31,66,65,28,30,87,79,71,40,48,34,38,41,44,35,26
Brooklyn,990.0,445,11,30,28,11,23,64,40,40,17,36,25,25,35,21,24,15
Brooklyn,992.0,577,26,47,43,20,21,73,40,49,37,36,32,28,31,42,25,27
Brooklyn,994.0,666,24,60,48,29,14,106,61,70,27,33,29,32,33,32,26,42
Brooklyn,996.0,"1,122",37,89,96,49,41,154,107,102,55,50,59,52,57,57,67,50
Brooklyn,998.0,"1,143",45,91,89,57,35,141,120,105,58,65,53,49,50,66,61,58
Brooklyn,1004.0,764,23,63,53,29,38,86,49,73,30,53,43,45,40,49,43,47
Brooklyn,1006.0,725,22,49,58,27,32,112,62,76,30,28,37,49,42,32,40,29
Brooklyn,1008.0,679,38,50,54,27,32,88,59,66,26,30,33,37,39,34,32,34
Brooklyn,1010.0,760,18,49,57,26,37,98,58,86,39,60,32,46,27,38,36,53
Brooklyn,1012.0,579,15,53,40,32,31,74,53,59,21,25,29,32,34,25,26,30
Brooklyn,1014.0,612,25,44,39,32,18,75,54,44,54,27,28,41,31,32,31,37
Brooklyn,1016.0,454,12,37,33,16,12,55,35,38,19,27,19,41,27,28,24,31
Brooklyn,1018.0,498,15,45,36,15,25,68,33,40,28,33,34,30,20,17,30,29
Brooklyn,1020.0,559,13,42,33,23,18,65,50,57,28,38,29,32,38,23,39,31
Brooklyn,1022.0,616,22,51,50,22,30,82,53,56,32,31,32,38,27,28,29,33
Brooklyn,1024.0,669,21,51,49,26,31,93,76,61,29,40,28,32,30,30,35,37
Brooklyn,1026.0,829,31,69,66,28,18,113,72,91,34,53,34,53,48,49,37,33
Brooklyn,1028.0,503,20,36,34,22,16,67,52,47,27,26,25,27,28,31,24,21
Brooklyn,1034.0,"1,502",66,130,114,54,60,213,141,155,65,80,68,70,78,64,79,65
Brooklyn,1058.01,"1,728",44,136,139,74,71,183,147,189,96,74,105,86,100,77,111,96
Brooklyn,1058.04,"1,656",61,134,120,50,64,214,144,149,70,102,84,87,98,97,93,89
Brooklyn,1070.0,92,5,6,7,4,4,13,9,8,1,2,4,8,1,8,5,7
Brooklyn,1078.0,871,42,73,56,36,32,101,90,81,37,44,49,43,46,52,34,55
Brooklyn,1098.0,719,45,61,73,31,32,105,78,47,38,32,34,27,26,30,44,16
Brooklyn,1104.0,"1,518",44,138,129,65,71,191,155,130,81,60,93,79,75,63,63,81
Brooklyn,1106.0,"1,692",50,115,133,66,65,208,153,137,90,88,93,118,109,86,100,81
Brooklyn,1110.0,"1,152",41,93,79,50,44,129,109,110,63,68,65,66,52,68,75,40
Brooklyn,1116.0,"1,204",42,106,104,51,49,172,106,104,52,55,65,50,60,78,54,56
Brooklyn,1118.0,"1,136",49,71,105,44,48,182,104,107,48,63,59,58,51,53,42,52
Brooklyn,1120.0,"1,003",53,75,92,36,34,117,82,87,57,59,77,46,50,37,49,52
Brooklyn,1122.0,"1,171",41,122,109,53,52,173,89,96,66,49,49,61,45,47,59,60
Brooklyn,1124.0,"1,260",56,109,123,54,50,147,118,116,59,58,73,62,64,61,51,59
Brooklyn,1126.0,"1,374",48,139,92,42,59,161,140,145,57,74,69,77,62,85,57,67
Brooklyn,1128.0,"1,272",51,117,107,47,53,166,109,108,55,64,64,67,74,58,64,68
Brooklyn,1130.0,"1,455",60,125,130,71,62,178,121,120,71,92,67,76,84,63,69,66
Brooklyn,1132.0,662,22,64,35,28,19,88,62,62,28,24,30,47,44,36,41,32
Brooklyn,1134.0,"1,316",80,125,120,54,65,149,101,107,65,62,52,65,63,65,93,50
Brooklyn,1142.01,486,19,32,50,14,26,60,41,35,20,23,16,34,31,28,32,25
Brooklyn,1142.02,979,51,69,86,48,34,131,95,112,37,46,50,46,54,41,43,36
Brooklyn,1144.0,964,59,88,90,32,53,118,76,108,42,43,36,32,45,38,41,63
Brooklyn,1146.0,"1,051",55,97,96,43,46,130,99,72,42,50,39,63,55,47,54,63
Brooklyn,1150.0,"1,094",43,100,107,55,35,119,96,112,48,47,51,72,63,59,58,29
Brooklyn,1152.0,"1,303",58,117,106,41,58,170,135,128,47,70,59,58,53,72,60,71
Brooklyn,1156.0,"1,767",69,168,152,75,91,263,134,149,81,91,74,84,79,75,97,85
Brooklyn,1158.0,"1,045",36,89,85,39,36,145,86,86,53,56,62,64,55,67,34,52
Brooklyn,1160.0,896,37,61,88,35,53,110,65,83,35,48,54,56,44,52,36,39
Brooklyn,1162.0,690,22,38,49,28,21,92,56,61,35,47,41,47,31,43,37,42
Brooklyn,1164.0,"1,007",46,90,73,34,41,136,81,100,51,41,49,50,58,50,58,49
Brooklyn,1166.0,"1,148",50,77,84,48,55,154,110,96,56,47,66,48,72,72,50,63
Brooklyn,1168.0,771,36,62,79,35,36,113,60,57,37,27,35,32,41,38,51,32
Brooklyn,1170.0,695,31,48,70,25,29,100,63,53,33,30,45,23,39,44,41,21
Brooklyn,1172.01,906,41,81,86,30,39,100,79,73,38,51,60,51,39,49,46,43
Brooklyn,1172.02,"1,420",73,106,127,58,52,168,132,117,80,82,71,67,55,83,75,74
Brooklyn,1174.0,"1,585",53,108,120,72,58,225,152,135,63,94,89,73,79,90,86,88
Brooklyn,1176.01,976,44,97,91,46,37,124,93,81,58,54,34,43,39,43,44,48
Brooklyn,1176.02,"1,135",40,104,100,46,52,140,98,81,57,62,57,72,45,57,58,66
Brooklyn,1178.0,613,30,48,48,25,22,69,62,49,29,31,39,38,31,31,39,22
Brooklyn,1180.0,1,0,0,0,0,0,1,0,0,0,0,0,0,0,0,0,0
Brooklyn,1182.01,"1,087",36,87,90,42,44,118,112,106,52,62,52,59,62,65,52,48
Brooklyn,1182.02,"1,095",50,96,91,46,44,132,103,100,53,44,50,61,53,55,56,61
Brooklyn,1184.0,"1,879",87,164,172,70,81,237,165,154,93,75,87,89,84,123,100,98
Brooklyn,1186.0,"1,058",47,83,70,46,53,104,102,78,50,62,57,59,56,61,74,56
Brooklyn,1188.0,"1,706",69,132,148,90,68,233,150,160,67,89,71,102,79,73,91,84
Brooklyn,1190.0,834,44,79,79,54,35,91,71,64,42,42,45,42,34,25,43,44
Brooklyn,1192.0,"1,104",48,94,98,40,50,154,92,98,58,52,57,57,50,68,51,37
Brooklyn,1194.0,"1,431",62,125,113,64,61,184,142,118,64,54,58,88,82,65,84,67
Brooklyn,1196.0,"1,949",110,184,165,97,78,259,166,165,87,99,92,75,100,87,94,91
Brooklyn,1198.0,"1,212",55,113,114,50,60,134,108,100,51,73,55,67,67,53,59,53
Brooklyn,1200.0,672,27,47,65,34,30,85,54,74,30,50,34,28,36,26,29,23
Brooklyn,1202.0,714,19,63,46,36,40,95,63,64,33,25,41,51,28,37,38,35
Brooklyn,1208.0,"3,071",139,278,264,124,166,427,245,252,156,158,161,139,133,159,129,141
Brooklyn,1210.0,"1,648",55,113,116,54,66,193,128,143,100,97,88,97,110,106,94,88
Brooklyn,1214.0,"1,880",64,129,152,76,76,227,159,175,104,102,106,110,92,94,104,110
Brooklyn,1220.0,"2,162",102,192,196,95,113,310,208,177,105,112,101,91,89,95,87,89
Brooklyn,1237.0,"3,620",249,567,550,233,223,608,327,248,111,76,89,55,51,66,101,66
Brooklyn,1502.0,582,32,70,75,28,32,69,56,50,21,22,30,18,14,15,33,17
Brooklyn,1522.0,902,43,98,77,37,44,147,94,68,31,38,32,51,38,32,27,45
Brooklyn,9901.0,0,0,0,0,0,0,0,0,0,0,0,0,0,0,0,0,0
