,census tract,total,White,   Black/ African American,     American Indian and Alaska Native,      Asian,Native Hawaiian and Other Pacific Islander,  Some Other Race,Two or More Races,Hispanic Origin (of any race)
Brooklyn,000100,522,382,28,0,35,0,10,21,46
Brooklyn,000200,455,11,17,0,9,0,1,2,415
Brooklyn,000301,619,485,12,1,26,0,6,57,32
Brooklyn,000501,395,305,10,0,20,0,2,27,31
Brooklyn,000502,254,182,6,1,9,0,4,27,25
Brooklyn,000700,533,389,11,0,29,0,4,50,50
Brooklyn,000900,469,283,20,0,42,0,9,62,53
Brooklyn,001100,11,2,1,0,3,0,0,0,5
Brooklyn,001300,155,91,18,1,24,0,0,7,14
Brooklyn,001500,604,83,196,2,74,0,1,20,228
Brooklyn,001800,3,0,1,0,0,0,0,0,2
Brooklyn,002000,476,10,6,3,20,0,1,3,433
Brooklyn,002100,587,423,5,0,53,0,7,56,43
Brooklyn,002200,982,68,29,4,81,0,7,20,773
Brooklyn,002300,"1,203",8,640,5,146,0,5,18,381
Brooklyn,002901,999,15,502,3,103,0,0,20,356
Brooklyn,003000,362,194,9,0,47,0,0,30,82
Brooklyn,003100,167,15,78,0,31,0,1,24,18
Brooklyn,003300,318,101,99,0,10,0,8,31,69
Brooklyn,003400,547,306,0,0,102,0,0,26,113
Brooklyn,003500,200,47,97,4,7,0,0,11,34
Brooklyn,003600,625,330,7,0,137,0,3,26,122
Brooklyn,003700,39,16,6,0,0,0,0,11,6
Brooklyn,003800,236,157,2,0,32,0,3,13,29
Brooklyn,003900,287,136,26,0,25,0,3,24,73
Brooklyn,004100,536,348,35,0,35,0,6,37,75
Brooklyn,004300,401,235,23,1,31,0,5,34,72
Brooklyn,004400,431,368,1,0,32,0,0,2,28
Brooklyn,004500,525,423,7,0,15,0,4,31,45
Brooklyn,004600,269,210,5,0,22,0,2,1,29
Brooklyn,004700,318,152,29,2,19,0,4,37,75
Brooklyn,004900,379,262,16,0,21,0,4,23,53
Brooklyn,005000,420,343,0,0,25,0,1,10,41
Brooklyn,005100,368,196,15,0,25,0,1,28,103
Brooklyn,005201,193,155,0,1,4,0,0,13,20
Brooklyn,005202,286,218,1,0,22,0,0,16,29
Brooklyn,005300,324,131,39,0,3,0,7,14,130
Brooklyn,005400,426,266,7,0,55,0,0,12,86
Brooklyn,005601,300,224,0,0,17,1,0,14,44
Brooklyn,005602,204,146,2,0,24,0,0,7,25
Brooklyn,005800,484,307,5,3,63,0,3,16,87
Brooklyn,005900,253,67,66,2,1,0,0,2,115
Brooklyn,006000,613,329,12,0,81,0,1,28,162
Brooklyn,006200,581,357,5,0,98,0,1,24,96
Brooklyn,006300,286,194,5,0,18,1,2,25,41
Brooklyn,006400,716,435,11,0,70,0,16,18,166
Brooklyn,006500,818,635,11,1,19,0,4,64,84
Brooklyn,006600,703,406,7,0,62,0,3,34,191
Brooklyn,006700,590,483,7,0,14,0,0,50,36
Brooklyn,006800,"1,175",542,30,2,168,0,10,46,377
Brooklyn,006900,570,375,13,0,24,0,7,48,103
Brooklyn,007000,414,209,19,0,62,0,1,21,102
Brooklyn,007100,"1,196",156,455,0,60,0,4,23,498
Brooklyn,007200,479,40,1,0,91,0,0,4,343
Brooklyn,007400,"1,373",42,10,1,275,0,0,18,"1,027"
Brooklyn,007500,736,525,11,0,22,0,9,66,103
Brooklyn,007600,998,43,7,4,121,0,15,10,798
Brooklyn,007700,621,483,6,3,23,0,3,45,58
Brooklyn,007800,"1,281",38,29,3,97,0,3,16,"1,095"
Brooklyn,008000,"1,024",57,17,2,45,0,7,8,888
Brooklyn,008200,"1,015",73,33,2,70,0,2,10,825
Brooklyn,008400,804,73,7,2,22,0,2,12,686
Brooklyn,008500,"2,084",15,"1,002",5,31,0,2,21,"1,008"
Brooklyn,008600,0,0,0,0,0,0,0,0,0
Brooklyn,008800,710,82,14,3,38,0,4,24,545
Brooklyn,009000,797,60,12,1,335,0,3,1,385
Brooklyn,009200,"1,445",113,20,6,588,4,3,33,678
Brooklyn,009400,"1,389",243,8,4,846,0,4,17,267
Brooklyn,009600,"1,567",86,13,7,413,0,6,18,"1,024"
Brooklyn,009800,"1,900",79,15,3,711,0,1,25,"1,066"
Brooklyn,010000,"1,628",118,10,2,812,0,10,21,655
Brooklyn,010100,931,134,26,2,26,2,10,26,705
Brooklyn,010200,"1,312",39,13,0,848,0,4,22,386
Brooklyn,010400,"1,338",78,14,4,"1,127",0,0,31,84
Brooklyn,010600,"1,319",32,4,4,"1,101",1,2,8,167
Brooklyn,010800,"1,261",88,6,0,957,0,0,11,199
Brooklyn,011000,662,125,10,0,153,0,0,5,369
Brooklyn,011200,"2,044",954,22,7,363,0,13,22,663
Brooklyn,011400,"1,176",832,28,0,161,0,13,20,122
Brooklyn,011600,"1,334",136,1,1,"1,042",0,12,12,130
Brooklyn,011700,388,96,16,0,37,0,10,9,220
Brooklyn,011800,555,36,1,0,453,0,1,6,58
Brooklyn,011900,181,83,16,0,5,0,2,3,72
Brooklyn,012000,311,17,0,0,250,0,0,0,44
Brooklyn,012100,238,79,15,0,8,0,0,13,123
Brooklyn,012200,"1,346",101,6,1,499,0,1,7,731
Brooklyn,012600,647,263,20,0,189,0,3,35,137
Brooklyn,012700,715,62,288,2,10,0,3,12,338
Brooklyn,012801,450,112,4,0,280,0,0,12,42
Brooklyn,012901,307,128,36,0,12,0,2,22,107
Brooklyn,012902,264,160,23,0,5,0,4,20,52
Brooklyn,013000,"1,051",489,14,0,159,0,7,53,329
Brooklyn,013100,527,241,82,0,24,0,3,49,128
Brooklyn,013200,553,240,2,0,208,0,0,12,91
Brooklyn,013300,656,407,34,1,22,0,3,69,120
Brooklyn,013400,834,494,18,0,114,0,0,40,168
Brooklyn,013500,757,469,27,2,43,0,11,95,110
Brooklyn,013600,816,504,3,1,90,1,2,36,179
Brooklyn,013700,491,296,22,1,16,0,7,44,105
Brooklyn,013800,537,356,6,1,52,0,2,13,107
Brooklyn,013900,553,313,63,0,22,0,3,33,119
Brooklyn,014000,342,256,3,0,33,0,0,9,41
Brooklyn,014100,525,281,19,0,25,0,10,36,154
Brooklyn,014200,584,344,12,2,77,0,3,24,122
Brooklyn,014300,582,150,18,0,48,0,6,28,332
Brooklyn,014500,761,183,35,4,28,0,8,28,475
Brooklyn,014700,399,123,12,0,14,0,2,19,229
Brooklyn,014800,219,173,0,0,22,0,0,2,22
Brooklyn,014900,793,482,41,0,34,0,7,41,188
Brooklyn,015000,290,203,0,0,52,0,0,6,29
Brooklyn,015100,716,516,18,0,27,0,8,78,69
Brooklyn,015200,414,255,1,0,75,0,1,19,63
Brooklyn,015300,511,342,38,0,24,0,9,34,64
Brooklyn,015400,0,0,0,0,0,0,0,0,0
Brooklyn,015500,642,477,22,2,22,0,3,43,73
Brooklyn,015700,725,530,19,0,42,1,8,60,65
Brooklyn,015900,749,525,49,3,17,0,15,80,60
Brooklyn,016000,856,411,30,1,183,0,8,24,199
Brooklyn,016100,470,259,76,1,11,3,4,46,70
Brooklyn,016200,330,177,19,0,39,2,4,19,70
Brooklyn,016300,419,191,80,3,28,0,4,50,63
Brooklyn,016400,297,72,66,3,15,0,3,21,117
Brooklyn,016500,"1,015",780,25,1,43,0,10,80,76
Brooklyn,016600,385,334,0,1,20,0,0,7,23
Brooklyn,016700,882,683,27,2,20,0,8,58,84
Brooklyn,016800,261,150,0,1,73,0,3,4,30
Brooklyn,016900,716,363,21,0,25,0,10,37,260
Brooklyn,017000,729,334,3,2,299,0,0,14,77
Brooklyn,017100,780,576,7,2,46,0,7,54,88
Brooklyn,017200,610,248,3,0,249,0,1,18,91
Brooklyn,017400,373,179,0,1,138,0,0,7,48
Brooklyn,017500,0,0,0,0,0,0,0,0,0
Brooklyn,017600,423,171,6,0,142,0,0,11,93
Brooklyn,017700,0,0,0,0,0,0,0,0,0
Brooklyn,017800,602,197,3,0,244,0,3,15,140
Brooklyn,017900,604,70,406,0,5,0,1,30,92
Brooklyn,018000,728,254,1,1,259,0,1,13,199
Brooklyn,018100,460,219,122,2,12,0,5,49,51
Brooklyn,018200,617,152,3,0,364,0,1,14,83
Brooklyn,018300,347,157,93,0,2,0,0,36,59
Brooklyn,018400,387,209,0,0,150,0,1,8,19
Brooklyn,018501,"1,037",23,622,3,51,0,2,13,323
Brooklyn,018600,453,183,5,0,218,0,1,6,40
Brooklyn,018700,253,46,92,0,4,0,2,18,91
Brooklyn,018800,511,228,0,0,192,0,3,2,86
Brooklyn,019000,"1,069",277,6,1,415,1,7,19,343
Brooklyn,019100,444,108,125,0,8,0,6,21,176
Brooklyn,019200,951,592,6,0,190,0,7,20,136
Brooklyn,019300,674,275,242,0,4,0,5,36,112
Brooklyn,019400,657,125,1,0,381,1,5,15,129
Brooklyn,019500,438,143,154,2,12,0,5,40,82
Brooklyn,019600,891,280,3,0,371,0,1,11,225
Brooklyn,019700,462,152,188,0,17,0,5,49,51
Brooklyn,019800,327,170,0,0,71,0,1,4,81
Brooklyn,019900,370,105,183,0,8,0,2,23,49
Brooklyn,020000,520,271,0,2,129,0,2,5,111
Brooklyn,020100,478,172,200,0,10,0,6,43,47
Brooklyn,020200,380,251,1,0,83,0,1,6,38
Brooklyn,020300,271,54,101,0,39,1,1,13,62
Brooklyn,020400,338,250,0,1,44,0,0,3,40
Brooklyn,020500,357,108,141,3,16,0,2,40,47
Brooklyn,020600,471,309,0,0,70,0,0,9,83
Brooklyn,020700,642,274,187,0,19,1,13,68,80
Brooklyn,020800,615,178,0,0,334,0,2,17,84
Brooklyn,021000,872,270,4,0,485,0,3,5,105
Brooklyn,021100,248,10,122,0,7,0,3,12,94
Brooklyn,021200,"1,098",195,5,0,734,0,2,19,143
Brooklyn,021300,812,36,631,6,4,0,3,24,108
Brooklyn,021400,765,498,0,0,212,0,2,9,44
Brooklyn,021500,884,214,413,0,43,0,5,72,137
Brooklyn,021600,"1,754","1,572",4,0,118,0,0,13,47
Brooklyn,021700,744,59,483,2,34,0,3,34,129
Brooklyn,021800,"1,631","1,503",2,3,34,0,0,2,87
Brooklyn,021900,546,39,432,1,1,0,6,19,48
Brooklyn,022000,"2,062","1,885",7,1,68,0,4,9,88
Brooklyn,022100,585,14,443,0,9,0,6,22,91
Brooklyn,022200,"2,016","1,831",3,0,32,0,4,10,136
Brooklyn,022400,"2,484","2,011",18,1,158,0,4,6,286
Brooklyn,022600,824,245,5,10,115,0,1,15,433
Brooklyn,022700,663,37,507,0,50,0,2,24,43
Brooklyn,022800,"1,300",848,9,6,240,0,4,30,163
Brooklyn,022900,562,44,396,2,17,1,3,23,76
Brooklyn,023000,"1,982","1,581",16,1,76,0,0,23,285
Brooklyn,023100,437,88,248,0,3,0,4,30,64
Brooklyn,023200,"2,556","2,322",5,0,113,0,1,17,98
Brooklyn,023300,"1,289",181,737,0,8,0,3,24,336
Brooklyn,023400,"2,147","2,103",4,0,5,0,6,9,20
Brooklyn,023500,"1,323",902,90,2,6,0,0,22,301
Brooklyn,023600,"2,281","2,160",3,4,87,0,4,9,14
Brooklyn,023800,"1,839","1,787",0,0,6,0,1,8,37
Brooklyn,024000,"1,794","1,718",5,0,20,0,0,7,44
Brooklyn,024100,271,58,123,0,3,0,2,6,79
Brooklyn,024200,"1,153","1,073",0,0,33,0,0,1,46
Brooklyn,024300,653,39,455,1,17,0,7,20,114
Brooklyn,024400,"1,255","1,053",1,0,98,0,4,6,93
Brooklyn,024500,798,35,598,2,65,0,2,13,83
Brooklyn,024600,"1,037",726,7,2,210,0,1,4,87
Brooklyn,024700,507,11,374,0,55,0,5,18,44
Brooklyn,024800,640,332,3,0,231,0,0,4,70
Brooklyn,024900,740,36,581,0,12,0,11,23,77
Brooklyn,025000,350,48,4,0,233,0,0,4,61
Brooklyn,025100,991,20,680,0,21,0,4,22,244
Brooklyn,025200,925,330,5,0,391,0,1,17,181
Brooklyn,025300,520,31,320,0,18,2,0,20,129
Brooklyn,025400,759,233,5,2,393,0,2,8,116
Brooklyn,025500,"1,541",23,569,11,18,1,2,19,898
Brooklyn,025600,592,160,5,0,343,0,1,17,66
Brooklyn,025700,564,16,215,7,11,0,0,6,309
Brooklyn,025800,985,367,8,2,363,0,2,11,232
Brooklyn,025901,537,4,234,0,2,0,0,7,290
Brooklyn,025902,"1,103",8,529,5,12,0,0,15,534
Brooklyn,026000,735,216,0,3,399,3,1,14,99
Brooklyn,026100,"1,212",27,763,2,4,0,6,38,372
Brooklyn,026200,455,125,4,2,229,0,0,12,83
Brooklyn,026300,434,4,315,1,2,0,1,5,106
Brooklyn,026400,898,303,7,1,342,0,8,14,223
Brooklyn,026500,993,7,727,6,20,1,4,20,208
Brooklyn,026600,761,274,0,2,339,0,0,14,132
Brooklyn,026700,751,20,576,1,10,0,4,26,114
Brooklyn,026800,893,406,3,0,293,0,4,6,181
Brooklyn,026900,529,32,404,2,13,0,2,15,61
Brooklyn,027000,521,326,2,0,152,0,1,5,35
Brooklyn,027100,599,4,467,1,39,0,2,11,75
Brooklyn,027200,796,347,0,1,272,0,3,10,163
Brooklyn,027300,577,14,492,1,8,0,0,16,46
Brooklyn,027400,620,256,3,0,256,0,1,27,77
Brooklyn,027500,806,27,621,9,10,0,0,37,102
Brooklyn,027600,819,261,10,5,301,0,12,6,224
Brooklyn,027700,"1,131",11,971,3,0,0,2,13,131
Brooklyn,027800,649,284,2,5,212,0,0,6,140
Brooklyn,027900,862,10,683,3,2,0,2,21,141
Brooklyn,028000,312,125,0,0,114,1,1,2,69
Brooklyn,028100,"1,292",9,719,2,7,0,6,7,542
Brooklyn,028200,517,237,0,0,208,0,1,9,62
Brooklyn,028300,"1,123",6,672,4,4,0,7,8,422
Brooklyn,028400,819,363,7,3,247,0,5,23,171
Brooklyn,028501,119,2,22,2,5,0,0,2,86
Brooklyn,028502,743,4,339,3,3,0,0,3,391
Brooklyn,028600,949,408,24,0,314,0,9,13,181
Brooklyn,028700,723,7,311,1,50,0,1,9,344
Brooklyn,028800,668,247,7,1,250,0,2,5,156
Brooklyn,028900,918,12,542,2,21,0,6,14,321
Brooklyn,029000,854,585,4,0,114,0,2,21,128
Brooklyn,029100,733,3,594,1,1,0,3,8,123
Brooklyn,029200,554,243,6,0,177,0,0,9,119
Brooklyn,029300,711,4,532,5,20,0,4,4,142
Brooklyn,029400,333,128,3,0,134,0,2,21,45
Brooklyn,029500,736,4,578,1,14,0,2,23,114
Brooklyn,029600,"1,140",584,9,3,328,0,4,37,175
Brooklyn,029700,755,22,660,1,3,0,2,20,47
Brooklyn,029800,807,290,11,0,287,0,4,6,209
Brooklyn,029900,776,14,585,0,7,0,1,6,163
Brooklyn,030000,903,286,4,1,473,0,5,17,117
Brooklyn,030100,713,6,597,0,4,0,1,8,97
Brooklyn,030200,840,259,2,0,491,0,0,14,74
Brooklyn,030300,"1,405",10,"1,108",5,10,0,15,15,242
Brooklyn,030400,856,295,16,1,397,0,3,14,130
Brooklyn,030500,847,50,475,0,62,1,10,41,208
Brooklyn,030600,430,146,1,0,147,0,1,26,109
Brooklyn,030700,"1,323",18,"1,075",2,1,0,2,14,211
Brooklyn,030800,315,134,5,0,94,0,2,2,78
Brooklyn,030900,519,4,422,0,2,0,0,2,89
Brooklyn,031100,772,11,608,0,13,0,6,21,113
Brooklyn,031300,864,23,704,3,6,0,1,23,104
Brooklyn,031400,751,353,3,1,250,0,4,20,120
Brooklyn,031500,996,34,797,0,6,0,6,38,115
Brooklyn,031701,696,26,595,0,15,0,3,9,48
Brooklyn,031702,610,47,443,0,3,0,8,32,77
Brooklyn,031900,908,401,428,0,2,0,2,18,57
Brooklyn,032100,"1,061",29,771,3,10,1,4,17,226
Brooklyn,032300,716,24,576,2,1,1,1,12,99
Brooklyn,032500,"1,509",25,"1,342",2,9,0,8,23,100
Brooklyn,032600,"2,062",95,937,8,156,0,6,21,839
Brooklyn,032700,544,26,434,1,1,0,0,19,63
Brooklyn,032800,744,28,334,3,163,0,1,25,190
Brooklyn,032900,"1,294",428,655,3,2,0,7,28,171
Brooklyn,033000,"1,282",91,676,4,37,0,1,24,449
Brooklyn,033100,"1,373","1,012",292,0,1,1,5,12,50
Brooklyn,033300,"1,327","1,048",225,0,0,0,2,13,39
Brooklyn,033500,859,663,163,0,0,0,0,7,26
Brooklyn,033600,"1,046",785,47,0,48,0,5,29,132
Brooklyn,033700,"1,084",691,333,0,1,0,0,20,39
Brooklyn,033900,918,98,694,1,7,0,9,23,86
Brooklyn,034000,356,23,160,0,4,0,2,8,159
Brooklyn,034100,497,19,399,1,0,0,9,20,49
Brooklyn,034200,"1,521",124,873,0,45,0,1,22,456
Brooklyn,034300,"1,510",25,"1,089",2,18,0,5,26,345
Brooklyn,034500,613,7,528,3,3,0,0,20,52
Brooklyn,034700,863,7,721,5,2,0,6,9,113
Brooklyn,034800,752,104,30,0,119,0,2,4,493
Brooklyn,034900,"1,318",50,"1,077",1,5,0,3,29,153
Brooklyn,035000,386,368,8,0,2,0,0,4,4
Brooklyn,035100,"1,220",261,784,1,11,0,9,12,142
Brooklyn,035200,75,16,20,2,3,0,0,0,34
Brooklyn,035300,"1,381",257,881,4,2,0,5,24,208
Brooklyn,035400,646,592,17,0,5,0,0,7,25
Brooklyn,035500,"1,300",269,877,2,7,1,11,12,121
Brooklyn,035601,253,213,19,0,0,0,2,4,15
Brooklyn,035602,553,505,9,0,2,0,0,10,27
Brooklyn,035700,814,10,612,5,1,0,1,13,172
Brooklyn,035900,"1,755",29,"1,443",3,5,0,7,19,249
Brooklyn,036001,256,234,2,0,1,0,2,1,16
Brooklyn,036002,307,216,6,0,18,0,3,5,59
Brooklyn,036100,697,11,530,9,0,0,6,12,129
Brooklyn,036200,892,166,9,2,228,0,11,13,463
Brooklyn,036300,"1,188",0,964,6,1,0,2,18,197
Brooklyn,036400,456,154,9,2,158,0,2,15,116
Brooklyn,036501,704,5,592,0,0,0,0,9,98
Brooklyn,036502,299,0,194,0,3,0,0,6,96
Brooklyn,036600,"1,061",222,12,11,384,0,8,25,399
Brooklyn,036700,375,1,234,0,2,0,1,3,134
Brooklyn,036900,"1,464",16,990,4,8,1,6,17,422
Brooklyn,037000,802,520,2,5,192,0,7,8,68
Brooklyn,037100,"1,223",12,989,7,2,0,2,33,178
Brooklyn,037300,"1,025",6,782,12,1,0,2,14,208
Brooklyn,037401,733,578,10,0,92,0,0,13,40
Brooklyn,037402,661,424,19,0,122,0,3,14,79
Brooklyn,037500,758,4,526,2,39,0,0,26,161
Brooklyn,037700,842,6,683,1,5,0,7,26,114
Brooklyn,037900,"1,002",5,795,3,2,0,0,14,183
Brooklyn,038100,"1,295",8,"1,021",8,9,0,2,19,228
Brooklyn,038200,"1,708",36,708,6,333,0,1,41,583
Brooklyn,038300,971,8,765,13,1,0,4,21,159
Brooklyn,038500,906,7,654,6,22,0,2,25,190
Brooklyn,038600,742,302,4,0,212,0,2,16,206
Brooklyn,038700,994,15,707,6,10,0,1,30,225
Brooklyn,038800,912,741,10,5,68,0,2,10,76
Brooklyn,038900,583,16,42,2,35,0,0,5,483
Brooklyn,039000,649,596,0,0,15,0,0,6,32
Brooklyn,039100,581,5,49,3,12,0,0,3,509
Brooklyn,039200,705,570,7,0,52,0,1,8,67
Brooklyn,039300,730,16,154,2,16,2,5,2,533
Brooklyn,039400,701,645,1,0,8,0,0,11,36
Brooklyn,039500,736,19,126,1,6,0,7,5,572
Brooklyn,039600,645,597,0,0,2,0,0,1,45
Brooklyn,039700,845,9,431,6,15,0,4,14,366
Brooklyn,039800,585,168,1,0,191,0,0,3,222
Brooklyn,039900,"1,079",23,420,4,28,0,6,12,586
Brooklyn,040000,585,176,1,0,220,0,11,11,166
Brooklyn,040100,844,10,375,0,8,3,5,6,437
Brooklyn,040200,547,139,7,0,271,0,1,9,120
Brooklyn,040300,899,9,524,1,12,0,5,23,325
Brooklyn,040400,504,177,0,3,223,0,2,10,89
Brooklyn,040500,419,10,200,0,3,0,5,3,198
Brooklyn,040600,603,190,6,3,292,0,2,9,101
Brooklyn,040700,5,2,0,0,0,0,0,0,3
Brooklyn,040800,757,187,6,0,349,0,1,24,190
Brooklyn,040900,"1,089",15,220,0,5,0,5,11,833
Brooklyn,041000,292,173,3,0,67,0,0,4,45
Brooklyn,041100,867,6,362,6,9,1,4,6,473
Brooklyn,041200,597,262,2,0,213,0,1,10,109
Brooklyn,041300,"1,029",13,372,0,1,0,7,6,630
Brooklyn,041401,346,292,0,0,9,0,2,6,37
Brooklyn,041402,308,279,3,0,3,0,0,14,9
Brooklyn,041500,"1,192",25,425,3,14,0,4,14,707
Brooklyn,041600,734,665,8,0,16,0,0,2,43
Brooklyn,041700,942,8,215,0,14,0,6,14,685
Brooklyn,041800,689,571,9,0,33,0,0,0,76
Brooklyn,041900,"1,068",20,190,2,4,0,8,6,838
Brooklyn,042000,684,604,3,0,18,0,0,3,56
Brooklyn,042100,"1,008",24,168,1,44,0,2,6,763
Brooklyn,042200,"1,058",788,14,2,41,0,0,18,195
Brooklyn,042300,"1,061",33,67,0,32,0,9,3,917
Brooklyn,042400,774,309,9,2,272,0,6,16,160
Brooklyn,042500,789,24,40,1,2,0,0,3,719
Brooklyn,042600,857,302,2,2,326,0,6,30,189
Brooklyn,042700,"1,234",25,60,2,41,0,3,11,"1,092"
Brooklyn,042800,686,404,0,0,189,0,2,14,77
Brooklyn,042900,"1,452",41,53,0,37,0,15,12,"1,294"
Brooklyn,043000,596,266,1,0,220,0,0,11,98
Brooklyn,043100,"1,329",24,49,0,41,0,4,14,"1,197"
Brooklyn,043200,816,285,6,0,289,0,2,15,219
Brooklyn,043300,"1,139",32,142,4,52,0,8,4,897
Brooklyn,043400,586,259,5,0,166,0,3,9,144
Brooklyn,043500,"1,233",14,217,2,9,0,4,10,977
Brooklyn,043600,781,381,6,0,216,1,8,20,149
Brooklyn,043700,"1,293",28,307,0,14,0,2,9,933
Brooklyn,043800,620,513,5,2,35,0,0,10,55
Brooklyn,043900,967,41,96,1,46,0,5,13,765
Brooklyn,044000,891,756,0,3,33,0,2,6,91
Brooklyn,044100,"1,296",59,37,1,92,0,15,11,"1,081"
Brooklyn,044200,871,797,0,3,19,0,4,7,41
Brooklyn,044300,"1,397",88,41,8,111,0,23,10,"1,116"
Brooklyn,044400,897,744,7,0,32,0,7,6,101
Brooklyn,044500,974,47,16,3,90,0,19,14,785
Brooklyn,044600,387,156,2,0,122,0,1,9,97
Brooklyn,044700,570,22,136,3,11,0,2,8,388
Brooklyn,044800,534,454,6,0,44,0,0,7,23
Brooklyn,044900,607,49,229,0,4,0,5,16,304
Brooklyn,045000,240,218,0,0,6,0,0,5,11
Brooklyn,045200,848,809,7,0,13,0,4,3,12
Brooklyn,045300,283,5,7,0,2,0,2,1,266
Brooklyn,045400,599,508,4,0,40,0,0,3,44
Brooklyn,045600,615,405,7,0,141,1,0,5,56
Brooklyn,045800,452,440,0,0,2,0,0,1,9
Brooklyn,046000,890,361,43,3,347,0,13,17,106
Brooklyn,046201,682,480,6,0,101,0,2,21,72
Brooklyn,046202,606,536,0,4,8,0,0,6,52
Brooklyn,046400,"1,325","1,262",4,0,20,0,1,3,35
Brooklyn,046800,985,956,0,0,3,1,0,9,16
Brooklyn,047000,"1,214","1,197",0,0,1,1,0,6,9
Brooklyn,047200,"1,417","1,389",16,0,0,0,0,6,6
Brooklyn,047400,"1,231","1,216",0,0,1,0,2,7,5
Brooklyn,047600,"1,495","1,401",6,0,13,0,6,17,52
Brooklyn,047700,235,105,1,0,11,0,3,21,94
Brooklyn,047800,"1,897","1,590",14,0,59,0,10,17,207
Brooklyn,048000,"1,353","1,042",16,0,122,0,1,24,148
Brooklyn,048100,263,63,1,0,30,0,1,5,163
Brooklyn,048200,"1,224",482,81,8,450,0,1,52,150
Brooklyn,048400,"1,878","1,392",65,1,137,0,15,27,241
Brooklyn,048500,235,14,24,0,6,0,5,5,181
Brooklyn,048600,"1,108",295,20,8,440,0,3,43,299
Brooklyn,048800,"1,220",654,46,8,274,0,4,50,184
Brooklyn,048900,"1,178",13,502,2,4,0,0,5,652
Brooklyn,049000,"1,410",789,79,5,290,0,20,59,168
Brooklyn,049100,"1,306",276,183,1,303,0,6,12,525
Brooklyn,049200,866,277,106,2,215,0,17,26,223
Brooklyn,049300,"1,551",47,294,2,7,0,9,20,"1,172"
Brooklyn,049400,"1,066",483,101,2,226,0,8,47,199
Brooklyn,049500,256,82,3,0,24,1,1,7,138
Brooklyn,049600,"1,025",276,16,1,378,1,6,31,316
Brooklyn,049700,190,138,2,0,12,0,0,8,30
Brooklyn,049800,918,262,22,3,380,0,5,37,209
Brooklyn,049900,179,114,3,0,4,0,2,9,47
Brooklyn,050000,648,320,27,3,120,0,21,27,130
Brooklyn,050100,243,134,3,0,10,0,0,7,89
Brooklyn,050202,412,276,22,0,12,0,4,23,75
Brooklyn,050300,276,111,3,0,9,0,3,5,145
Brooklyn,050400,852,387,90,2,142,0,13,53,165
Brooklyn,050500,706,33,130,1,91,0,2,12,437
Brooklyn,050600,"1,526",73,549,13,67,0,20,24,780
Brooklyn,050700,"1,199",992,40,0,4,1,2,8,152
Brooklyn,050801,"1,022",29,683,2,24,0,7,20,257
Brooklyn,050803,490,10,366,3,5,0,0,9,97
Brooklyn,050804,"1,499",30,755,2,37,0,11,17,647
Brooklyn,050900,"2,220","2,092",4,2,1,0,5,7,109
Brooklyn,051001,971,21,735,4,8,0,4,4,195
Brooklyn,051002,"1,150",23,786,5,7,0,7,21,301
Brooklyn,051100,620,44,29,0,134,0,0,4,409
Brooklyn,051200,"1,550",67,896,5,39,1,4,34,504
Brooklyn,051300,488,71,24,0,4,0,1,5,383
Brooklyn,051400,"1,709",96,838,8,135,0,13,42,577
Brooklyn,051500,125,65,2,2,6,0,0,7,43
Brooklyn,051601,"1,510",23,"1,045",8,53,0,3,22,356
Brooklyn,051602,994,9,691,0,15,0,9,18,252
Brooklyn,051700,124,77,1,0,2,0,2,4,38
Brooklyn,051800,651,111,330,1,71,0,7,14,117
Brooklyn,051900,326,153,2,0,31,0,1,11,128
Brooklyn,052000,"1,040",140,186,11,375,0,7,33,288
Brooklyn,052300,904,78,10,4,21,0,1,11,779
Brooklyn,052500,"1,190",870,61,0,0,0,13,1,245
Brooklyn,052600,960,226,189,14,274,0,12,55,190
Brooklyn,052700,"1,441",171,33,0,22,0,8,10,"1,197"
Brooklyn,052800,450,177,26,4,162,0,7,14,60
Brooklyn,052900,"1,775","1,695",0,1,1,0,3,24,51
Brooklyn,053000,971,616,35,1,184,0,8,17,110
Brooklyn,053100,"4,093","4,023",2,0,1,0,1,6,60
Brooklyn,053200,612,417,32,0,109,0,0,6,48
Brooklyn,053300,"3,007","2,974",2,0,1,1,1,1,27
Brooklyn,053400,"1,298",846,63,4,264,0,1,17,103
Brooklyn,053500,"1,986","1,901",1,0,3,0,3,6,72
Brooklyn,053700,"1,907","1,904",0,0,1,0,1,1,0
Brooklyn,053800,875,632,14,3,133,0,4,21,68
Brooklyn,053900,"1,063",930,24,2,0,0,3,10,94
Brooklyn,054200,"1,203",990,2,0,84,0,2,11,114
Brooklyn,054300,35,15,2,0,2,0,2,10,4
Brooklyn,054400,804,685,11,0,76,0,5,8,19
Brooklyn,054500,"3,355","2,630",194,11,0,0,22,10,488
Brooklyn,054600,810,639,31,4,65,0,6,18,47
Brooklyn,054700,"2,145","1,798",71,1,15,2,14,25,219
Brooklyn,054800,542,507,1,0,10,0,0,6,18
Brooklyn,054900,890,777,5,0,6,0,2,12,88
Brooklyn,055000,789,623,12,0,46,0,3,24,81
Brooklyn,055100,652,118,35,1,26,0,3,15,454
Brooklyn,055200,645,403,16,0,138,0,4,17,67
Brooklyn,055300,221,91,10,3,13,0,4,8,92
Brooklyn,055400,848,609,11,4,100,0,1,28,95
Brooklyn,055500,267,116,18,3,25,0,2,13,90
Brooklyn,055600,976,841,2,0,78,0,2,16,37
Brooklyn,055700,134,85,6,0,10,0,1,9,23
Brooklyn,055800,528,368,8,0,88,0,4,6,54
Brooklyn,056000,705,623,2,0,34,0,4,15,27
Brooklyn,056100,359,233,1,0,22,0,2,15,86
Brooklyn,056200,483,454,1,0,22,0,0,4,2
Brooklyn,056300,460,170,3,0,48,0,3,18,218
Brooklyn,056400,505,392,18,0,63,0,1,8,23
Brooklyn,056500,301,187,3,0,23,0,0,14,74
Brooklyn,056600,425,243,27,0,100,0,2,23,30
Brooklyn,056800,254,151,3,0,72,0,0,2,26
Brooklyn,056900,166,122,1,1,2,0,0,4,36
Brooklyn,057000,466,210,11,0,162,0,1,10,72
Brooklyn,057100,449,386,0,0,10,0,2,8,43
Brooklyn,057200,"1,543",45,921,6,60,0,5,36,470
Brooklyn,057300,303,228,0,3,16,0,2,13,41
Brooklyn,057400,518,226,3,0,239,0,4,8,38
Brooklyn,057500,445,231,7,3,41,1,5,17,140
Brooklyn,057600,547,237,4,0,269,0,2,10,25
Brooklyn,057800,708,367,6,0,190,0,1,38,106
Brooklyn,057900,188,36,5,0,13,0,9,6,119
Brooklyn,058000,768,341,14,0,299,0,0,14,100
Brooklyn,058200,776,432,8,2,217,0,0,11,106
Brooklyn,058400,725,530,11,0,140,0,1,7,36
Brooklyn,058600,523,142,20,0,286,0,4,11,60
Brooklyn,058800,501,319,5,3,122,0,4,9,39
Brooklyn,058900,210,168,1,0,5,0,2,9,25
Brooklyn,059000,414,150,13,0,171,0,3,5,72
Brooklyn,059100,443,354,6,0,4,0,0,8,71
Brooklyn,059200,655,367,7,0,204,0,4,32,41
Brooklyn,059300,300,201,1,0,6,0,3,7,82
Brooklyn,059401,"1,342",676,6,3,542,0,5,24,86
Brooklyn,059402,689,456,12,0,160,0,0,10,51
Brooklyn,059600,280,207,6,0,31,0,2,10,24
Brooklyn,059800,736,564,20,0,65,0,0,39,48
Brooklyn,060000,977,729,17,0,106,1,3,23,98
Brooklyn,060600,378,229,1,0,80,0,3,6,59
Brooklyn,060800,570,414,6,1,91,0,3,8,47
Brooklyn,061002,682,645,0,2,6,0,2,12,15
Brooklyn,061003,494,83,6,3,135,0,9,18,240
Brooklyn,061004,885,670,4,1,72,0,3,15,120
Brooklyn,061200,218,209,0,0,2,0,0,2,5
Brooklyn,061600,251,239,0,0,3,0,0,5,4
Brooklyn,062000,385,370,2,0,5,0,0,7,1
Brooklyn,062200,505,285,93,0,20,0,0,22,85
Brooklyn,062600,502,199,54,0,124,0,10,14,101
Brooklyn,062800,"1,093",913,0,1,33,1,0,15,130
Brooklyn,063200,201,161,0,0,17,0,2,0,21
Brooklyn,063600,280,222,1,0,18,0,1,4,34
Brooklyn,063800,240,194,1,0,22,0,0,7,16
Brooklyn,064000,408,326,4,0,36,0,1,6,35
Brooklyn,064200,631,491,8,3,41,0,1,4,83
Brooklyn,064400,829,684,14,0,56,0,0,7,68
Brooklyn,064600,673,562,18,0,37,0,0,13,43
Brooklyn,064800,573,316,115,1,45,0,4,19,73
Brooklyn,065000,267,46,112,0,44,0,0,13,52
Brooklyn,065200,287,185,10,0,37,0,0,14,41
Brooklyn,065400,403,345,3,0,13,0,1,8,33
Brooklyn,065600,395,323,7,0,17,0,2,15,31
Brooklyn,065800,379,287,4,0,38,0,2,12,36
Brooklyn,066000,401,301,0,0,34,0,0,5,61
Brooklyn,066200,277,158,7,0,44,2,0,13,53
Brooklyn,066600,0,0,0,0,0,0,0,0,0
Brooklyn,067000,631,77,388,3,37,0,8,19,99
Brooklyn,067200,362,22,233,3,11,0,2,20,71
Brooklyn,067400,401,45,260,6,20,0,6,12,52
Brooklyn,067600,349,16,284,3,6,0,3,15,22
Brooklyn,067800,539,42,451,1,6,0,2,11,26
Brooklyn,068000,459,24,299,0,28,0,5,23,80
Brooklyn,068200,557,50,360,0,29,0,8,11,99
Brooklyn,068600,277,109,75,2,37,0,8,8,38
Brooklyn,068800,346,68,186,1,33,0,2,8,48
Brooklyn,069000,396,46,272,0,19,0,0,6,53
Brooklyn,069200,571,32,433,0,10,1,8,19,68
Brooklyn,069601,920,365,365,2,20,0,3,18,147
Brooklyn,069602,"1,408",870,274,1,75,0,13,37,138
Brooklyn,069800,299,233,21,0,9,0,2,7,27
Brooklyn,070000,362,324,6,3,4,0,0,1,24
Brooklyn,070201,"1,467","1,364",8,0,16,0,4,10,65
Brooklyn,070202,10,5,5,0,0,0,0,0,0
Brooklyn,070203,0,0,0,0,0,0,0,0,0
Brooklyn,070600,507,444,0,0,8,0,1,11,43
Brooklyn,072000,598,26,505,1,23,0,2,13,28
Brooklyn,072200,508,9,447,3,9,0,2,7,31
Brooklyn,072400,332,2,303,1,0,0,7,8,11
Brooklyn,072600,413,0,368,0,0,0,6,19,20
Brooklyn,072800,590,20,499,1,5,0,1,11,53
Brooklyn,073000,339,10,309,0,2,0,3,1,14
Brooklyn,073200,395,11,324,0,23,0,3,3,31
Brooklyn,073400,395,6,333,0,11,0,2,6,37
Brooklyn,073600,840,65,550,3,115,1,2,31,73
Brooklyn,073800,894,341,382,6,32,0,7,17,109
Brooklyn,074000,941,87,553,0,121,0,12,32,136
Brooklyn,074200,"1,070",668,298,1,29,0,2,17,55
Brooklyn,074400,"1,068","1,024",23,0,3,0,0,2,16
Brooklyn,074600,646,465,83,1,39,0,0,13,45
Brooklyn,074800,707,581,83,0,13,0,0,5,25
Brooklyn,075000,"1,069",898,92,2,15,0,4,7,51
Brooklyn,075200,354,353,1,0,0,0,0,0,0
Brooklyn,075400,480,480,0,0,0,0,0,0,0
Brooklyn,075600,627,565,11,0,36,0,0,2,13
Brooklyn,075800,489,463,0,0,9,0,1,0,16
Brooklyn,076000,667,568,7,0,52,0,0,14,26
Brooklyn,076200,993,505,95,4,187,0,3,12,187
Brooklyn,076400,789,154,433,4,36,0,4,12,146
Brooklyn,076600,501,16,401,2,8,0,1,2,71
Brooklyn,076800,"1,045",849,15,2,90,0,0,8,81
Brooklyn,077000,586,21,403,8,5,0,4,16,129
Brooklyn,077200,830,321,366,2,17,1,1,12,110
Brooklyn,077400,734,166,383,0,79,0,1,14,91
Brooklyn,077600,751,36,549,7,47,0,4,25,83
Brooklyn,078000,424,4,386,2,5,0,0,5,22
Brooklyn,078200,888,4,822,1,1,0,13,4,43
Brooklyn,078400,496,2,427,3,12,0,2,5,45
Brooklyn,078600,940,21,699,8,55,0,2,11,144
Brooklyn,078800,876,5,740,0,3,0,5,28,95
Brooklyn,079000,"1,219",13,"1,030",9,19,0,3,15,130
Brooklyn,079200,"1,218",18,949,5,13,0,4,29,200
Brooklyn,079400,476,11,392,2,1,0,1,7,62
Brooklyn,079601,912,77,662,0,6,0,2,20,145
Brooklyn,079602,"1,094",31,843,7,3,0,8,16,186
Brooklyn,079801,492,58,351,0,9,0,1,28,45
Brooklyn,079802,"1,031",82,772,7,17,0,6,32,115
Brooklyn,080000,725,94,519,1,14,0,4,27,66
Brooklyn,080200,943,24,779,3,3,0,20,25,89
Brooklyn,080400,750,53,592,6,13,0,5,16,65
Brooklyn,080600,960,395,493,3,1,1,6,12,49
Brooklyn,080800,27,8,18,0,0,0,1,0,0
Brooklyn,081000,503,8,448,1,7,0,1,7,31
Brooklyn,081400,547,0,491,0,5,0,0,16,35
Brooklyn,081600,673,4,593,0,13,0,0,18,45
Brooklyn,081800,974,12,770,2,16,0,11,21,142
Brooklyn,082000,"1,339",24,"1,098",3,22,0,10,27,155
Brooklyn,082200,"1,541",22,"1,323",3,10,0,5,28,150
Brooklyn,082400,"1,132",5,979,1,17,0,0,20,110
Brooklyn,082600,"1,301",25,"1,118",4,6,1,6,26,115
Brooklyn,082800,896,8,750,12,9,0,4,15,98
Brooklyn,083000,"1,526",4,"1,352",2,10,0,8,30,120
Brooklyn,083200,501,3,452,4,11,1,4,2,24
Brooklyn,083400,323,0,292,1,2,0,0,12,16
Brooklyn,083600,416,2,380,1,4,0,4,5,20
Brooklyn,083800,396,1,350,0,1,0,1,16,27
Brooklyn,084000,464,5,411,1,1,0,2,9,35
Brooklyn,084600,391,15,329,0,0,0,5,18,24
Brooklyn,084800,379,0,360,0,1,0,0,4,14
Brooklyn,085000,267,2,248,1,0,0,0,6,10
Brooklyn,085200,7,0,7,0,0,0,0,0,0
Brooklyn,085400,440,4,394,0,3,0,3,3,33
Brooklyn,085600,784,9,688,4,2,0,4,12,65
Brooklyn,085800,546,2,493,4,2,0,0,10,35
Brooklyn,086000,813,15,735,5,9,0,1,6,42
Brooklyn,086200,692,6,639,5,3,0,10,3,26
Brooklyn,086400,511,3,472,3,0,0,0,4,29
Brooklyn,086600,703,1,662,0,1,0,1,10,28
Brooklyn,086800,741,25,661,5,9,0,3,6,32
Brooklyn,087000,703,9,642,2,2,0,0,2,46
Brooklyn,087200,584,2,549,0,0,2,1,11,19
Brooklyn,087401,612,61,486,0,5,0,4,11,45
Brooklyn,087600,467,134,310,0,0,0,1,4,18
Brooklyn,087800,592,2,545,1,0,0,3,8,33
Brooklyn,088000,635,18,547,4,2,0,4,10,50
Brooklyn,088200,"1,673",1,"1,532",6,7,0,2,21,104
Brooklyn,088400,"1,370",10,"1,244",5,13,0,0,29,69
Brooklyn,088600,"1,032",7,923,0,9,0,0,6,87
Brooklyn,088800,"1,007",2,861,2,4,3,0,18,117
Brooklyn,089000,"1,575",3,"1,372",3,9,0,3,15,170
Brooklyn,089200,961,0,838,1,1,2,3,22,94
Brooklyn,089400,947,10,777,4,3,0,10,17,126
Brooklyn,089600,"1,012",7,857,3,27,1,4,8,105
Brooklyn,089800,590,7,514,0,4,0,6,7,52
Brooklyn,090000,"1,642",2,"1,280",10,0,2,7,27,314
Brooklyn,090200,"1,069",7,745,5,10,1,5,14,282
Brooklyn,090600,"1,596",9,"1,057",4,6,0,1,16,503
Brooklyn,090800,"1,379",13,887,1,1,0,0,26,451
Brooklyn,091000,"1,704",4,"1,151",5,10,0,1,19,514
Brooklyn,091200,"2,274",27,"1,454",8,6,0,2,32,745
Brooklyn,091600,"1,249",12,"1,027",1,4,0,4,16,185
Brooklyn,091800,779,2,460,3,0,0,4,7,303
Brooklyn,092000,982,4,825,2,4,0,6,7,134
Brooklyn,092200,622,3,548,4,0,0,2,11,54
Brooklyn,092400,868,6,675,0,6,0,8,6,167
Brooklyn,092800,566,6,507,0,4,0,1,9,39
Brooklyn,093000,475,0,450,0,4,0,2,9,10
Brooklyn,093200,202,1,188,1,0,0,0,1,11
Brooklyn,093400,412,1,380,0,4,0,2,5,20
Brooklyn,093600,376,0,330,2,0,0,2,4,38
Brooklyn,093800,532,1,489,0,1,0,5,5,31
Brooklyn,094401,679,6,622,1,0,0,1,10,39
Brooklyn,094402,853,8,683,9,3,0,1,6,143
Brooklyn,094600,354,4,322,1,5,0,1,2,19
Brooklyn,095000,602,8,564,0,1,0,3,3,23
Brooklyn,095400,"1,053",12,978,1,0,0,3,12,47
Brooklyn,095600,975,8,881,3,12,0,3,10,58
Brooklyn,095800,842,16,741,2,20,0,3,8,52
Brooklyn,096000,0,0,0,0,0,0,0,0,0
Brooklyn,096200,440,22,365,1,4,0,0,3,45
Brooklyn,096400,562,20,463,0,8,0,3,8,60
Brooklyn,096600,533,14,432,0,21,0,5,14,47
Brooklyn,096800,378,18,255,0,3,0,5,19,78
Brooklyn,097000,480,20,367,0,15,0,1,8,69
Brooklyn,097400,599,22,524,2,5,0,4,6,36
Brooklyn,098200,"1,331",8,960,2,3,0,2,42,314
Brooklyn,098400,483,3,446,0,1,0,7,1,25
Brooklyn,098600,663,4,604,1,6,0,6,6,36
Brooklyn,098800,617,20,533,0,4,0,7,11,42
Brooklyn,099000,350,11,268,1,27,1,2,6,34
Brooklyn,099200,452,16,368,0,19,0,0,16,33
Brooklyn,099400,533,9,470,1,0,0,1,11,41
Brooklyn,099600,891,12,811,0,10,0,2,21,35
Brooklyn,099800,908,21,802,2,12,0,5,16,50
Brooklyn,100400,585,5,526,0,2,0,4,4,44
Brooklyn,100600,582,12,499,0,11,0,0,11,49
Brooklyn,100800,540,25,435,4,17,0,1,15,43
Brooklyn,101000,606,22,470,1,40,0,2,22,49
Brooklyn,101200,464,12,397,1,12,0,4,11,27
Brooklyn,101400,481,11,404,0,13,1,3,8,41
Brooklyn,101600,344,0,312,0,6,0,0,7,19
Brooklyn,101800,402,18,345,2,2,0,0,4,31
Brooklyn,102000,428,7,378,1,0,0,2,14,26
Brooklyn,102200,499,8,382,0,46,0,3,4,56
Brooklyn,102400,537,12,453,1,14,0,3,4,50
Brooklyn,102600,662,2,596,4,2,0,7,16,35
Brooklyn,102800,399,0,329,1,15,0,0,5,49
Brooklyn,103400,"1,216",13,883,8,0,0,2,18,292
Brooklyn,105801,"1,344",130,877,5,32,0,4,17,279
Brooklyn,105804,"1,279",125,846,5,13,0,3,24,263
Brooklyn,107000,71,0,63,0,0,0,0,1,7
Brooklyn,107800,684,2,609,1,1,0,3,15,53
Brooklyn,109800,603,4,482,0,10,0,1,12,94
Brooklyn,110400,"1,236",11,965,4,0,0,11,21,224
Brooklyn,110600,"1,316",10,938,7,8,1,0,16,336
Brooklyn,111000,917,4,682,4,0,0,0,10,217
Brooklyn,111600,956,1,732,6,7,0,1,13,196
Brooklyn,111800,938,11,637,1,5,4,5,5,270
Brooklyn,112000,815,9,506,3,13,0,3,3,278
Brooklyn,112200,960,8,732,6,5,0,1,17,191
Brooklyn,112400,"1,025",7,805,2,0,0,5,13,193
Brooklyn,112600,"1,103",12,790,1,6,1,2,11,280
Brooklyn,112800,"1,008",9,762,2,2,0,1,11,221
Brooklyn,113000,"1,173",2,865,7,1,0,10,17,271
Brooklyn,113200,509,0,397,0,0,0,0,6,106
Brooklyn,113400,"1,045",3,655,3,6,0,5,9,364
Brooklyn,114201,370,3,101,8,3,0,1,5,249
Brooklyn,114202,805,8,242,6,10,0,5,14,520
Brooklyn,114400,777,5,419,1,11,6,11,7,317
Brooklyn,114600,832,6,268,2,28,0,7,17,504
Brooklyn,115000,885,2,442,1,6,0,6,13,415
Brooklyn,115200,"1,047",0,685,1,16,1,5,19,320
Brooklyn,115600,"1,431",16,865,3,16,0,7,9,515
Brooklyn,115800,837,3,597,0,4,0,4,7,222
Brooklyn,116000,725,8,467,0,0,0,2,13,235
Brooklyn,116200,537,0,422,1,0,0,3,10,101
Brooklyn,116400,792,0,494,1,18,0,15,6,258
Brooklyn,116600,891,7,485,0,27,0,1,7,364
Brooklyn,116800,609,5,168,2,14,0,16,8,396
Brooklyn,117000,550,11,112,7,35,1,21,7,356
Brooklyn,117201,729,18,130,2,19,1,31,7,521
Brooklyn,117202,"1,133",17,273,7,30,0,36,17,753
Brooklyn,117400,"1,242",30,230,15,43,2,49,5,868
Brooklyn,117601,802,20,113,12,19,0,45,15,578
Brooklyn,117602,909,14,162,0,46,0,35,25,627
Brooklyn,117800,490,10,85,6,66,0,26,20,277
Brooklyn,118000,1,0,1,0,0,0,0,0,0
Brooklyn,118201,860,20,114,8,57,0,21,34,606
Brooklyn,118202,870,16,95,2,63,0,30,15,649
Brooklyn,118400,"1,474",39,167,15,91,3,30,37,"1,092"
Brooklyn,118600,811,12,115,8,131,0,52,20,473
Brooklyn,118800,"1,379",23,192,21,498,1,67,57,520
Brooklyn,119000,688,7,203,12,85,1,46,27,307
Brooklyn,119200,898,6,441,1,43,3,1,6,397
Brooklyn,119400,"1,133",5,728,3,17,0,9,8,363
Brooklyn,119600,"1,577",19,641,5,359,0,25,34,494
Brooklyn,119800,980,23,357,0,24,3,16,9,548
Brooklyn,120000,558,8,233,4,137,0,17,17,142
Brooklyn,120200,576,11,66,15,299,3,34,18,130
Brooklyn,120800,"2,509",16,"1,845",20,65,0,13,33,517
Brooklyn,121000,"1,250",11,575,0,0,0,11,13,640
Brooklyn,121400,"1,480",7,865,5,6,0,4,10,583
Brooklyn,122000,"1,802",24,"1,367",3,19,0,5,22,362
Brooklyn,123700,"3,336","2,934",47,0,1,14,21,21,298
Brooklyn,150200,503,288,12,0,39,0,5,23,136
Brooklyn,152200,760,233,143,6,190,0,19,40,129
Brooklyn,990100,0,0,0,0,0,0,0,0,0