,Unnamed: 0,census tract,total,White,   Black/ African American,     American Indian and Alaska Native,      Asian,Native Hawaiian and Other Pacific Islander,  Some Other Race,Two or More Races,Hispanic Origin (of any race)
0,Brooklyn,1.0,522,382,28,0,35,0,10,21,46
1,Brooklyn,2.0,455,11,17,0,9,0,1,2,415
2,Brooklyn,3.01,619,485,12,1,26,0,6,57,32
3,Brooklyn,5.01,395,305,10,0,20,0,2,27,31
4,Brooklyn,5.02,254,182,6,1,9,0,4,27,25
5,Brooklyn,7.0,533,389,11,0,29,0,4,50,50
6,Brooklyn,9.0,469,283,20,0,42,0,9,62,53
7,Brooklyn,11.0,11,2,1,0,3,0,0,0,5
8,Brooklyn,13.0,155,91,18,1,24,0,0,7,14
9,Brooklyn,15.0,604,83,196,2,74,0,1,20,228
10,Brooklyn,18.0,3,0,1,0,0,0,0,0,2
11,Brooklyn,20.0,476,10,6,3,20,0,1,3,433
12,Brooklyn,21.0,587,423,5,0,53,0,7,56,43
13,Brooklyn,22.0,982,68,29,4,81,0,7,20,773
14,Brooklyn,23.0,"1,203",8,640,5,146,0,5,18,381
15,Brooklyn,29.01,999,15,502,3,103,0,0,20,356
16,Brooklyn,30.0,362,194,9,0,47,0,0,30,82
17,Brooklyn,31.0,167,15,78,0,31,0,1,24,18
18,Brooklyn,33.0,318,101,99,0,10,0,8,31,69
19,Brooklyn,34.0,547,306,0,0,102,0,0,26,113
20,Brooklyn,35.0,200,47,97,4,7,0,0,11,34
21,Brooklyn,36.0,625,330,7,0,137,0,3,26,122
22,Brooklyn,37.0,39,16,6,0,0,0,0,11,6
23,Brooklyn,38.0,236,157,2,0,32,0,3,13,29
24,Brooklyn,39.0,287,136,26,0,25,0,3,24,73
25,Brooklyn,41.0,536,348,35,0,35,0,6,37,75
26,Brooklyn,43.0,401,235,23,1,31,0,5,34,72
27,Brooklyn,44.0,431,368,1,0,32,0,0,2,28
28,Brooklyn,45.0,525,423,7,0,15,0,4,31,45
29,Brooklyn,46.0,269,210,5,0,22,0,2,1,29
30,Brooklyn,47.0,318,152,29,2,19,0,4,37,75
31,Brooklyn,49.0,379,262,16,0,21,0,4,23,53
32,Brooklyn,50.0,420,343,0,0,25,0,1,10,41
33,Brooklyn,51.0,368,196,15,0,25,0,1,28,103
34,Brooklyn,52.01,193,155,0,1,4,0,0,13,20
35,Brooklyn,52.02,286,218,1,0,22,0,0,16,29
36,Brooklyn,53.0,324,131,39,0,3,0,7,14,130
37,Brooklyn,54.0,426,266,7,0,55,0,0,12,86
38,Brooklyn,56.01,300,224,0,0,17,1,0,14,44
39,Brooklyn,56.02,204,146,2,0,24,0,0,7,25
40,Brooklyn,58.0,484,307,5,3,63,0,3,16,87
41,Brooklyn,59.0,253,67,66,2,1,0,0,2,115
42,Brooklyn,60.0,613,329,12,0,81,0,1,28,162
43,Brooklyn,62.0,581,357,5,0,98,0,1,24,96
44,Brooklyn,63.0,286,194,5,0,18,1,2,25,41
45,Brooklyn,64.0,716,435,11,0,70,0,16,18,166
46,Brooklyn,65.0,818,635,11,1,19,0,4,64,84
47,Brooklyn,66.0,703,406,7,0,62,0,3,34,191
48,Brooklyn,67.0,590,483,7,0,14,0,0,50,36
49,Brooklyn,68.0,"1,175",542,30,2,168,0,10,46,377
50,Brooklyn,69.0,570,375,13,0,24,0,7,48,103
51,Brooklyn,70.0,414,209,19,0,62,0,1,21,102
52,Brooklyn,71.0,"1,196",156,455,0,60,0,4,23,498
53,Brooklyn,72.0,479,40,1,0,91,0,0,4,343
54,Brooklyn,74.0,"1,373",42,10,1,275,0,0,18,"1,027"
55,Brooklyn,75.0,736,525,11,0,22,0,9,66,103
56,Brooklyn,76.0,998,43,7,4,121,0,15,10,798
57,Brooklyn,77.0,621,483,6,3,23,0,3,45,58
58,Brooklyn,78.0,"1,281",38,29,3,97,0,3,16,"1,095"
59,Brooklyn,80.0,"1,024",57,17,2,45,0,7,8,888
60,Brooklyn,82.0,"1,015",73,33,2,70,0,2,10,825
61,Brooklyn,84.0,804,73,7,2,22,0,2,12,686
62,Brooklyn,85.0,"2,084",15,"1,002",5,31,0,2,21,"1,008"
63,Brooklyn,86.0,0,0,0,0,0,0,0,0,0
64,Brooklyn,88.0,710,82,14,3,38,0,4,24,545
65,Brooklyn,90.0,797,60,12,1,335,0,3,1,385
66,Brooklyn,92.0,"1,445",113,20,6,588,4,3,33,678
67,Brooklyn,94.0,"1,389",243,8,4,846,0,4,17,267
68,Brooklyn,96.0,"1,567",86,13,7,413,0,6,18,"1,024"
69,Brooklyn,98.0,"1,900",79,15,3,711,0,1,25,"1,066"
70,Brooklyn,100.0,"1,628",118,10,2,812,0,10,21,655
71,Brooklyn,101.0,931,134,26,2,26,2,10,26,705
72,Brooklyn,102.0,"1,312",39,13,0,848,0,4,22,386
73,Brooklyn,104.0,"1,338",78,14,4,"1,127",0,0,31,84
74,Brooklyn,106.0,"1,319",32,4,4,"1,101",1,2,8,167
75,Brooklyn,108.0,"1,261",88,6,0,957,0,0,11,199
76,Brooklyn,110.0,662,125,10,0,153,0,0,5,369
77,Brooklyn,112.0,"2,044",954,22,7,363,0,13,22,663
78,Brooklyn,114.0,"1,176",832,28,0,161,0,13,20,122
79,Brooklyn,116.0,"1,334",136,1,1,"1,042",0,12,12,130
80,Brooklyn,117.0,388,96,16,0,37,0,10,9,220
81,Brooklyn,118.0,555,36,1,0,453,0,1,6,58
82,Brooklyn,119.0,181,83,16,0,5,0,2,3,72
83,Brooklyn,120.0,311,17,0,0,250,0,0,0,44
84,Brooklyn,121.0,238,79,15,0,8,0,0,13,123
85,Brooklyn,122.0,"1,346",101,6,1,499,0,1,7,731
86,Brooklyn,126.0,647,263,20,0,189,0,3,35,137
87,Brooklyn,127.0,715,62,288,2,10,0,3,12,338
88,Brooklyn,128.01,450,112,4,0,280,0,0,12,42
89,Brooklyn,129.01,307,128,36,0,12,0,2,22,107
90,Brooklyn,129.02,264,160,23,0,5,0,4,20,52
91,Brooklyn,130.0,"1,051",489,14,0,159,0,7,53,329
92,Brooklyn,131.0,527,241,82,0,24,0,3,49,128
93,Brooklyn,132.0,553,240,2,0,208,0,0,12,91
94,Brooklyn,133.0,656,407,34,1,22,0,3,69,120
95,Brooklyn,134.0,834,494,18,0,114,0,0,40,168
96,Brooklyn,135.0,757,469,27,2,43,0,11,95,110
97,Brooklyn,136.0,816,504,3,1,90,1,2,36,179
98,Brooklyn,137.0,491,296,22,1,16,0,7,44,105
99,Brooklyn,138.0,537,356,6,1,52,0,2,13,107
100,Brooklyn,139.0,553,313,63,0,22,0,3,33,119
101,Brooklyn,140.0,342,256,3,0,33,0,0,9,41
102,Brooklyn,141.0,525,281,19,0,25,0,10,36,154
103,Brooklyn,142.0,584,344,12,2,77,0,3,24,122
104,Brooklyn,143.0,582,150,18,0,48,0,6,28,332
105,Brooklyn,145.0,761,183,35,4,28,0,8,28,475
106,Brooklyn,147.0,399,123,12,0,14,0,2,19,229
107,Brooklyn,148.0,219,173,0,0,22,0,0,2,22
108,Brooklyn,149.0,793,482,41,0,34,0,7,41,188
109,Brooklyn,150.0,290,203,0,0,52,0,0,6,29
110,Brooklyn,151.0,716,516,18,0,27,0,8,78,69
111,Brooklyn,152.0,414,255,1,0,75,0,1,19,63
112,Brooklyn,153.0,511,342,38,0,24,0,9,34,64
113,Brooklyn,154.0,0,0,0,0,0,0,0,0,0
114,Brooklyn,155.0,642,477,22,2,22,0,3,43,73
115,Brooklyn,157.0,725,530,19,0,42,1,8,60,65
116,Brooklyn,159.0,749,525,49,3,17,0,15,80,60
117,Brooklyn,160.0,856,411,30,1,183,0,8,24,199
118,Brooklyn,161.0,470,259,76,1,11,3,4,46,70
119,Brooklyn,162.0,330,177,19,0,39,2,4,19,70
120,Brooklyn,163.0,419,191,80,3,28,0,4,50,63
121,Brooklyn,164.0,297,72,66,3,15,0,3,21,117
122,Brooklyn,165.0,"1,015",780,25,1,43,0,10,80,76
123,Brooklyn,166.0,385,334,0,1,20,0,0,7,23
124,Brooklyn,167.0,882,683,27,2,20,0,8,58,84
125,Brooklyn,168.0,261,150,0,1,73,0,3,4,30
126,Brooklyn,169.0,716,363,21,0,25,0,10,37,260
127,Brooklyn,170.0,729,334,3,2,299,0,0,14,77
128,Brooklyn,171.0,780,576,7,2,46,0,7,54,88
129,Brooklyn,172.0,610,248,3,0,249,0,1,18,91
130,Brooklyn,174.0,373,179,0,1,138,0,0,7,48
131,Brooklyn,175.0,0,0,0,0,0,0,0,0,0
132,Brooklyn,176.0,423,171,6,0,142,0,0,11,93
133,Brooklyn,177.0,0,0,0,0,0,0,0,0,0
134,Brooklyn,178.0,602,197,3,0,244,0,3,15,140
135,Brooklyn,179.0,604,70,406,0,5,0,1,30,92
136,Brooklyn,180.0,728,254,1,1,259,0,1,13,199
137,Brooklyn,181.0,460,219,122,2,12,0,5,49,51
138,Brooklyn,182.0,617,152,3,0,364,0,1,14,83
139,Brooklyn,183.0,347,157,93,0,2,0,0,36,59
140,Brooklyn,184.0,387,209,0,0,150,0,1,8,19
141,Brooklyn,185.01,"1,037",23,622,3,51,0,2,13,323
142,Brooklyn,186.0,453,183,5,0,218,0,1,6,40
143,Brooklyn,187.0,253,46,92,0,4,0,2,18,91
144,Brooklyn,188.0,511,228,0,0,192,0,3,2,86
145,Brooklyn,190.0,"1,069",277,6,1,415,1,7,19,343
146,Brooklyn,191.0,444,108,125,0,8,0,6,21,176
147,Brooklyn,192.0,951,592,6,0,190,0,7,20,136
148,Brooklyn,193.0,674,275,242,0,4,0,5,36,112
149,Brooklyn,194.0,657,125,1,0,381,1,5,15,129
150,Brooklyn,195.0,438,143,154,2,12,0,5,40,82
151,Brooklyn,196.0,891,280,3,0,371,0,1,11,225
152,Brooklyn,197.0,462,152,188,0,17,0,5,49,51
153,Brooklyn,198.0,327,170,0,0,71,0,1,4,81
154,Brooklyn,199.0,370,105,183,0,8,0,2,23,49
155,Brooklyn,200.0,520,271,0,2,129,0,2,5,111
156,Brooklyn,201.0,478,172,200,0,10,0,6,43,47
157,Brooklyn,202.0,380,251,1,0,83,0,1,6,38
158,Brooklyn,203.0,271,54,101,0,39,1,1,13,62
159,Brooklyn,204.0,338,250,0,1,44,0,0,3,40
160,Brooklyn,205.0,357,108,141,3,16,0,2,40,47
161,Brooklyn,206.0,471,309,0,0,70,0,0,9,83
162,Brooklyn,207.0,642,274,187,0,19,1,13,68,80
163,Brooklyn,208.0,615,178,0,0,334,0,2,17,84
164,Brooklyn,210.0,872,270,4,0,485,0,3,5,105
165,Brooklyn,211.0,248,10,122,0,7,0,3,12,94
166,Brooklyn,212.0,"1,098",195,5,0,734,0,2,19,143
167,Brooklyn,213.0,812,36,631,6,4,0,3,24,108
168,Brooklyn,214.0,765,498,0,0,212,0,2,9,44
169,Brooklyn,215.0,884,214,413,0,43,0,5,72,137
170,Brooklyn,216.0,"1,754","1,572",4,0,118,0,0,13,47
171,Brooklyn,217.0,744,59,483,2,34,0,3,34,129
172,Brooklyn,218.0,"1,631","1,503",2,3,34,0,0,2,87
173,Brooklyn,219.0,546,39,432,1,1,0,6,19,48
174,Brooklyn,220.0,"2,062","1,885",7,1,68,0,4,9,88
175,Brooklyn,221.0,585,14,443,0,9,0,6,22,91
176,Brooklyn,222.0,"2,016","1,831",3,0,32,0,4,10,136
177,Brooklyn,224.0,"2,484","2,011",18,1,158,0,4,6,286
178,Brooklyn,226.0,824,245,5,10,115,0,1,15,433
179,Brooklyn,227.0,663,37,507,0,50,0,2,24,43
180,Brooklyn,228.0,"1,300",848,9,6,240,0,4,30,163
181,Brooklyn,229.0,562,44,396,2,17,1,3,23,76
182,Brooklyn,230.0,"1,982","1,581",16,1,76,0,0,23,285
183,Brooklyn,231.0,437,88,248,0,3,0,4,30,64
184,Brooklyn,232.0,"2,556","2,322",5,0,113,0,1,17,98
185,Brooklyn,233.0,"1,289",181,737,0,8,0,3,24,336
186,Brooklyn,234.0,"2,147","2,103",4,0,5,0,6,9,20
187,Brooklyn,235.0,"1,323",902,90,2,6,0,0,22,301
188,Brooklyn,236.0,"2,281","2,160",3,4,87,0,4,9,14
189,Brooklyn,238.0,"1,839","1,787",0,0,6,0,1,8,37
190,Brooklyn,240.0,"1,794","1,718",5,0,20,0,0,7,44
191,Brooklyn,241.0,271,58,123,0,3,0,2,6,79
192,Brooklyn,242.0,"1,153","1,073",0,0,33,0,0,1,46
193,Brooklyn,243.0,653,39,455,1,17,0,7,20,114
194,Brooklyn,244.0,"1,255","1,053",1,0,98,0,4,6,93
195,Brooklyn,245.0,798,35,598,2,65,0,2,13,83
196,Brooklyn,246.0,"1,037",726,7,2,210,0,1,4,87
197,Brooklyn,247.0,507,11,374,0,55,0,5,18,44
198,Brooklyn,248.0,640,332,3,0,231,0,0,4,70
199,Brooklyn,249.0,740,36,581,0,12,0,11,23,77
200,Brooklyn,250.0,350,48,4,0,233,0,0,4,61
201,Brooklyn,251.0,991,20,680,0,21,0,4,22,244
202,Brooklyn,252.0,925,330,5,0,391,0,1,17,181
203,Brooklyn,253.0,520,31,320,0,18,2,0,20,129
204,Brooklyn,254.0,759,233,5,2,393,0,2,8,116
205,Brooklyn,255.0,"1,541",23,569,11,18,1,2,19,898
206,Brooklyn,256.0,592,160,5,0,343,0,1,17,66
207,Brooklyn,257.0,564,16,215,7,11,0,0,6,309
208,Brooklyn,258.0,985,367,8,2,363,0,2,11,232
209,Brooklyn,259.01,537,4,234,0,2,0,0,7,290
210,Brooklyn,259.02,"1,103",8,529,5,12,0,0,15,534
211,Brooklyn,260.0,735,216,0,3,399,3,1,14,99
212,Brooklyn,261.0,"1,212",27,763,2,4,0,6,38,372
213,Brooklyn,262.0,455,125,4,2,229,0,0,12,83
214,Brooklyn,263.0,434,4,315,1,2,0,1,5,106
215,Brooklyn,264.0,898,303,7,1,342,0,8,14,223
216,Brooklyn,265.0,993,7,727,6,20,1,4,20,208
217,Brooklyn,266.0,761,274,0,2,339,0,0,14,132
218,Brooklyn,267.0,751,20,576,1,10,0,4,26,114
219,Brooklyn,268.0,893,406,3,0,293,0,4,6,181
220,Brooklyn,269.0,529,32,404,2,13,0,2,15,61
221,Brooklyn,270.0,521,326,2,0,152,0,1,5,35
222,Brooklyn,271.0,599,4,467,1,39,0,2,11,75
223,Brooklyn,272.0,796,347,0,1,272,0,3,10,163
224,Brooklyn,273.0,577,14,492,1,8,0,0,16,46
225,Brooklyn,274.0,620,256,3,0,256,0,1,27,77
226,Brooklyn,275.0,806,27,621,9,10,0,0,37,102
227,Brooklyn,276.0,819,261,10,5,301,0,12,6,224
228,Brooklyn,277.0,"1,131",11,971,3,0,0,2,13,131
229,Brooklyn,278.0,649,284,2,5,212,0,0,6,140
230,Brooklyn,279.0,862,10,683,3,2,0,2,21,141
231,Brooklyn,280.0,312,125,0,0,114,1,1,2,69
232,Brooklyn,281.0,"1,292",9,719,2,7,0,6,7,542
233,Brooklyn,282.0,517,237,0,0,208,0,1,9,62
234,Brooklyn,283.0,"1,123",6,672,4,4,0,7,8,422
235,Brooklyn,284.0,819,363,7,3,247,0,5,23,171
236,Brooklyn,285.01,119,2,22,2,5,0,0,2,86
237,Brooklyn,285.02,743,4,339,3,3,0,0,3,391
238,Brooklyn,286.0,949,408,24,0,314,0,9,13,181
239,Brooklyn,287.0,723,7,311,1,50,0,1,9,344
240,Brooklyn,288.0,668,247,7,1,250,0,2,5,156
241,Brooklyn,289.0,918,12,542,2,21,0,6,14,321
242,Brooklyn,290.0,854,585,4,0,114,0,2,21,128
243,Brooklyn,291.0,733,3,594,1,1,0,3,8,123
244,Brooklyn,292.0,554,243,6,0,177,0,0,9,119
245,Brooklyn,293.0,711,4,532,5,20,0,4,4,142
246,Brooklyn,294.0,333,128,3,0,134,0,2,21,45
247,Brooklyn,295.0,736,4,578,1,14,0,2,23,114
248,Brooklyn,296.0,"1,140",584,9,3,328,0,4,37,175
249,Brooklyn,297.0,755,22,660,1,3,0,2,20,47
250,Brooklyn,298.0,807,290,11,0,287,0,4,6,209
251,Brooklyn,299.0,776,14,585,0,7,0,1,6,163
252,Brooklyn,300.0,903,286,4,1,473,0,5,17,117
253,Brooklyn,301.0,713,6,597,0,4,0,1,8,97
254,Brooklyn,302.0,840,259,2,0,491,0,0,14,74
255,Brooklyn,303.0,"1,405",10,"1,108",5,10,0,15,15,242
256,Brooklyn,304.0,856,295,16,1,397,0,3,14,130
257,Brooklyn,305.0,847,50,475,0,62,1,10,41,208
258,Brooklyn,306.0,430,146,1,0,147,0,1,26,109
259,Brooklyn,307.0,"1,323",18,"1,075",2,1,0,2,14,211
260,Brooklyn,308.0,315,134,5,0,94,0,2,2,78
261,Brooklyn,309.0,519,4,422,0,2,0,0,2,89
262,Brooklyn,311.0,772,11,608,0,13,0,6,21,113
263,Brooklyn,313.0,864,23,704,3,6,0,1,23,104
264,Brooklyn,314.0,751,353,3,1,250,0,4,20,120
265,Brooklyn,315.0,996,34,797,0,6,0,6,38,115
266,Brooklyn,317.01,696,26,595,0,15,0,3,9,48
267,Brooklyn,317.02,610,47,443,0,3,0,8,32,77
268,Brooklyn,319.0,908,401,428,0,2,0,2,18,57
269,Brooklyn,321.0,"1,061",29,771,3,10,1,4,17,226
270,Brooklyn,323.0,716,24,576,2,1,1,1,12,99
271,Brooklyn,325.0,"1,509",25,"1,342",2,9,0,8,23,100
272,Brooklyn,326.0,"2,062",95,937,8,156,0,6,21,839
273,Brooklyn,327.0,544,26,434,1,1,0,0,19,63
274,Brooklyn,328.0,744,28,334,3,163,0,1,25,190
275,Brooklyn,329.0,"1,294",428,655,3,2,0,7,28,171
276,Brooklyn,330.0,"1,282",91,676,4,37,0,1,24,449
277,Brooklyn,331.0,"1,373","1,012",292,0,1,1,5,12,50
278,Brooklyn,333.0,"1,327","1,048",225,0,0,0,2,13,39
279,Brooklyn,335.0,859,663,163,0,0,0,0,7,26
280,Brooklyn,336.0,"1,046",785,47,0,48,0,5,29,132
281,Brooklyn,337.0,"1,084",691,333,0,1,0,0,20,39
282,Brooklyn,339.0,918,98,694,1,7,0,9,23,86
283,Brooklyn,340.0,356,23,160,0,4,0,2,8,159
284,Brooklyn,341.0,497,19,399,1,0,0,9,20,49
285,Brooklyn,342.0,"1,521",124,873,0,45,0,1,22,456
286,Brooklyn,343.0,"1,510",25,"1,089",2,18,0,5,26,345
287,Brooklyn,345.0,613,7,528,3,3,0,0,20,52
288,Brooklyn,347.0,863,7,721,5,2,0,6,9,113
289,Brooklyn,348.0,752,104,30,0,119,0,2,4,493
290,Brooklyn,349.0,"1,318",50,"1,077",1,5,0,3,29,153
291,Brooklyn,350.0,386,368,8,0,2,0,0,4,4
292,Brooklyn,351.0,"1,220",261,784,1,11,0,9,12,142
293,Brooklyn,352.0,75,16,20,2,3,0,0,0,34
294,Brooklyn,353.0,"1,381",257,881,4,2,0,5,24,208
295,Brooklyn,354.0,646,592,17,0,5,0,0,7,25
296,Brooklyn,355.0,"1,300",269,877,2,7,1,11,12,121
297,Brooklyn,356.01,253,213,19,0,0,0,2,4,15
298,Brooklyn,356.02,553,505,9,0,2,0,0,10,27
299,Brooklyn,357.0,814,10,612,5,1,0,1,13,172
300,Brooklyn,359.0,"1,755",29,"1,443",3,5,0,7,19,249
301,Brooklyn,360.01,256,234,2,0,1,0,2,1,16
302,Brooklyn,360.02,307,216,6,0,18,0,3,5,59
303,Brooklyn,361.0,697,11,530,9,0,0,6,12,129
304,Brooklyn,362.0,892,166,9,2,228,0,11,13,463
305,Brooklyn,363.0,"1,188",0,964,6,1,0,2,18,197
306,Brooklyn,364.0,456,154,9,2,158,0,2,15,116
307,Brooklyn,365.01,704,5,592,0,0,0,0,9,98
308,Brooklyn,365.02,299,0,194,0,3,0,0,6,96
309,Brooklyn,366.0,"1,061",222,12,11,384,0,8,25,399
310,Brooklyn,367.0,375,1,234,0,2,0,1,3,134
311,Brooklyn,369.0,"1,464",16,990,4,8,1,6,17,422
312,Brooklyn,370.0,802,520,2,5,192,0,7,8,68
313,Brooklyn,371.0,"1,223",12,989,7,2,0,2,33,178
314,Brooklyn,373.0,"1,025",6,782,12,1,0,2,14,208
315,Brooklyn,374.01,733,578,10,0,92,0,0,13,40
316,Brooklyn,374.02,661,424,19,0,122,0,3,14,79
317,Brooklyn,375.0,758,4,526,2,39,0,0,26,161
318,Brooklyn,377.0,842,6,683,1,5,0,7,26,114
319,Brooklyn,379.0,"1,002",5,795,3,2,0,0,14,183
320,Brooklyn,381.0,"1,295",8,"1,021",8,9,0,2,19,228
321,Brooklyn,382.0,"1,708",36,708,6,333,0,1,41,583
322,Brooklyn,383.0,971,8,765,13,1,0,4,21,159
323,Brooklyn,385.0,906,7,654,6,22,0,2,25,190
324,Brooklyn,386.0,742,302,4,0,212,0,2,16,206
325,Brooklyn,387.0,994,15,707,6,10,0,1,30,225
326,Brooklyn,388.0,912,741,10,5,68,0,2,10,76
327,Brooklyn,389.0,583,16,42,2,35,0,0,5,483
328,Brooklyn,390.0,649,596,0,0,15,0,0,6,32
329,Brooklyn,391.0,581,5,49,3,12,0,0,3,509
330,Brooklyn,392.0,705,570,7,0,52,0,1,8,67
331,Brooklyn,393.0,730,16,154,2,16,2,5,2,533
332,Brooklyn,394.0,701,645,1,0,8,0,0,11,36
333,Brooklyn,395.0,736,19,126,1,6,0,7,5,572
334,Brooklyn,396.0,645,597,0,0,2,0,0,1,45
335,Brooklyn,397.0,845,9,431,6,15,0,4,14,366
336,Brooklyn,398.0,585,168,1,0,191,0,0,3,222
337,Brooklyn,399.0,"1,079",23,420,4,28,0,6,12,586
338,Brooklyn,400.0,585,176,1,0,220,0,11,11,166
339,Brooklyn,401.0,844,10,375,0,8,3,5,6,437
340,Brooklyn,402.0,547,139,7,0,271,0,1,9,120
341,Brooklyn,403.0,899,9,524,1,12,0,5,23,325
342,Brooklyn,404.0,504,177,0,3,223,0,2,10,89
343,Brooklyn,405.0,419,10,200,0,3,0,5,3,198
344,Brooklyn,406.0,603,190,6,3,292,0,2,9,101
345,Brooklyn,407.0,5,2,0,0,0,0,0,0,3
346,Brooklyn,408.0,757,187,6,0,349,0,1,24,190
347,Brooklyn,409.0,"1,089",15,220,0,5,0,5,11,833
348,Brooklyn,410.0,292,173,3,0,67,0,0,4,45
349,Brooklyn,411.0,867,6,362,6,9,1,4,6,473
350,Brooklyn,412.0,597,262,2,0,213,0,1,10,109
351,Brooklyn,413.0,"1,029",13,372,0,1,0,7,6,630
352,Brooklyn,414.01,346,292,0,0,9,0,2,6,37
353,Brooklyn,414.02,308,279,3,0,3,0,0,14,9
354,Brooklyn,415.0,"1,192",25,425,3,14,0,4,14,707
355,Brooklyn,416.0,734,665,8,0,16,0,0,2,43
356,Brooklyn,417.0,942,8,215,0,14,0,6,14,685
357,Brooklyn,418.0,689,571,9,0,33,0,0,0,76
358,Brooklyn,419.0,"1,068",20,190,2,4,0,8,6,838
359,Brooklyn,420.0,684,604,3,0,18,0,0,3,56
360,Brooklyn,421.0,"1,008",24,168,1,44,0,2,6,763
361,Brooklyn,422.0,"1,058",788,14,2,41,0,0,18,195
362,Brooklyn,423.0,"1,061",33,67,0,32,0,9,3,917
363,Brooklyn,424.0,774,309,9,2,272,0,6,16,160
364,Brooklyn,425.0,789,24,40,1,2,0,0,3,719
365,Brooklyn,426.0,857,302,2,2,326,0,6,30,189
366,Brooklyn,427.0,"1,234",25,60,2,41,0,3,11,"1,092"
367,Brooklyn,428.0,686,404,0,0,189,0,2,14,77
368,Brooklyn,429.0,"1,452",41,53,0,37,0,15,12,"1,294"
369,Brooklyn,430.0,596,266,1,0,220,0,0,11,98
370,Brooklyn,431.0,"1,329",24,49,0,41,0,4,14,"1,197"
371,Brooklyn,432.0,816,285,6,0,289,0,2,15,219
372,Brooklyn,433.0,"1,139",32,142,4,52,0,8,4,897
373,Brooklyn,434.0,586,259,5,0,166,0,3,9,144
374,Brooklyn,435.0,"1,233",14,217,2,9,0,4,10,977
375,Brooklyn,436.0,781,381,6,0,216,1,8,20,149
376,Brooklyn,437.0,"1,293",28,307,0,14,0,2,9,933
377,Brooklyn,438.0,620,513,5,2,35,0,0,10,55
378,Brooklyn,439.0,967,41,96,1,46,0,5,13,765
379,Brooklyn,440.0,891,756,0,3,33,0,2,6,91
380,Brooklyn,441.0,"1,296",59,37,1,92,0,15,11,"1,081"
381,Brooklyn,442.0,871,797,0,3,19,0,4,7,41
382,Brooklyn,443.0,"1,397",88,41,8,111,0,23,10,"1,116"
383,Brooklyn,444.0,897,744,7,0,32,0,7,6,101
384,Brooklyn,445.0,974,47,16,3,90,0,19,14,785
385,Brooklyn,446.0,387,156,2,0,122,0,1,9,97
386,Brooklyn,447.0,570,22,136,3,11,0,2,8,388
387,Brooklyn,448.0,534,454,6,0,44,0,0,7,23
388,Brooklyn,449.0,607,49,229,0,4,0,5,16,304
389,Brooklyn,450.0,240,218,0,0,6,0,0,5,11
390,Brooklyn,452.0,848,809,7,0,13,0,4,3,12
391,Brooklyn,453.0,283,5,7,0,2,0,2,1,266
392,Brooklyn,454.0,599,508,4,0,40,0,0,3,44
393,Brooklyn,456.0,615,405,7,0,141,1,0,5,56
394,Brooklyn,458.0,452,440,0,0,2,0,0,1,9
395,Brooklyn,460.0,890,361,43,3,347,0,13,17,106
396,Brooklyn,462.01,682,480,6,0,101,0,2,21,72
397,Brooklyn,462.02,606,536,0,4,8,0,0,6,52
398,Brooklyn,464.0,"1,325","1,262",4,0,20,0,1,3,35
399,Brooklyn,468.0,985,956,0,0,3,1,0,9,16
400,Brooklyn,470.0,"1,214","1,197",0,0,1,1,0,6,9
401,Brooklyn,472.0,"1,417","1,389",16,0,0,0,0,6,6
402,Brooklyn,474.0,"1,231","1,216",0,0,1,0,2,7,5
403,Brooklyn,476.0,"1,495","1,401",6,0,13,0,6,17,52
404,Brooklyn,477.0,235,105,1,0,11,0,3,21,94
405,Brooklyn,478.0,"1,897","1,590",14,0,59,0,10,17,207
406,Brooklyn,480.0,"1,353","1,042",16,0,122,0,1,24,148
407,Brooklyn,481.0,263,63,1,0,30,0,1,5,163
408,Brooklyn,482.0,"1,224",482,81,8,450,0,1,52,150
409,Brooklyn,484.0,"1,878","1,392",65,1,137,0,15,27,241
410,Brooklyn,485.0,235,14,24,0,6,0,5,5,181
411,Brooklyn,486.0,"1,108",295,20,8,440,0,3,43,299
412,Brooklyn,488.0,"1,220",654,46,8,274,0,4,50,184
413,Brooklyn,489.0,"1,178",13,502,2,4,0,0,5,652
414,Brooklyn,490.0,"1,410",789,79,5,290,0,20,59,168
415,Brooklyn,491.0,"1,306",276,183,1,303,0,6,12,525
416,Brooklyn,492.0,866,277,106,2,215,0,17,26,223
417,Brooklyn,493.0,"1,551",47,294,2,7,0,9,20,"1,172"
418,Brooklyn,494.0,"1,066",483,101,2,226,0,8,47,199
419,Brooklyn,495.0,256,82,3,0,24,1,1,7,138
420,Brooklyn,496.0,"1,025",276,16,1,378,1,6,31,316
421,Brooklyn,497.0,190,138,2,0,12,0,0,8,30
422,Brooklyn,498.0,918,262,22,3,380,0,5,37,209
423,Brooklyn,499.0,179,114,3,0,4,0,2,9,47
424,Brooklyn,500.0,648,320,27,3,120,0,21,27,130
425,Brooklyn,501.0,243,134,3,0,10,0,0,7,89
426,Brooklyn,502.02,412,276,22,0,12,0,4,23,75
427,Brooklyn,503.0,276,111,3,0,9,0,3,5,145
428,Brooklyn,504.0,852,387,90,2,142,0,13,53,165
429,Brooklyn,505.0,706,33,130,1,91,0,2,12,437
430,Brooklyn,506.0,"1,526",73,549,13,67,0,20,24,780
431,Brooklyn,507.0,"1,199",992,40,0,4,1,2,8,152
432,Brooklyn,508.01,"1,022",29,683,2,24,0,7,20,257
433,Brooklyn,508.03,490,10,366,3,5,0,0,9,97
434,Brooklyn,508.04,"1,499",30,755,2,37,0,11,17,647
435,Brooklyn,509.0,"2,220","2,092",4,2,1,0,5,7,109
436,Brooklyn,510.01,971,21,735,4,8,0,4,4,195
437,Brooklyn,510.02,"1,150",23,786,5,7,0,7,21,301
438,Brooklyn,511.0,620,44,29,0,134,0,0,4,409
439,Brooklyn,512.0,"1,550",67,896,5,39,1,4,34,504
440,Brooklyn,513.0,488,71,24,0,4,0,1,5,383
441,Brooklyn,514.0,"1,709",96,838,8,135,0,13,42,577
442,Brooklyn,515.0,125,65,2,2,6,0,0,7,43
443,Brooklyn,516.01,"1,510",23,"1,045",8,53,0,3,22,356
444,Brooklyn,516.02,994,9,691,0,15,0,9,18,252
445,Brooklyn,517.0,124,77,1,0,2,0,2,4,38
446,Brooklyn,518.0,651,111,330,1,71,0,7,14,117
447,Brooklyn,519.0,326,153,2,0,31,0,1,11,128
448,Brooklyn,520.0,"1,040",140,186,11,375,0,7,33,288
449,Brooklyn,523.0,904,78,10,4,21,0,1,11,779
450,Brooklyn,525.0,"1,190",870,61,0,0,0,13,1,245
451,Brooklyn,526.0,960,226,189,14,274,0,12,55,190
452,Brooklyn,527.0,"1,441",171,33,0,22,0,8,10,"1,197"
453,Brooklyn,528.0,450,177,26,4,162,0,7,14,60
454,Brooklyn,529.0,"1,775","1,695",0,1,1,0,3,24,51
455,Brooklyn,530.0,971,616,35,1,184,0,8,17,110
456,Brooklyn,531.0,"4,093","4,023",2,0,1,0,1,6,60
457,Brooklyn,532.0,612,417,32,0,109,0,0,6,48
458,Brooklyn,533.0,"3,007","2,974",2,0,1,1,1,1,27
459,Brooklyn,534.0,"1,298",846,63,4,264,0,1,17,103
460,Brooklyn,535.0,"1,986","1,901",1,0,3,0,3,6,72
461,Brooklyn,537.0,"1,907","1,904",0,0,1,0,1,1,0
462,Brooklyn,538.0,875,632,14,3,133,0,4,21,68
463,Brooklyn,539.0,"1,063",930,24,2,0,0,3,10,94
464,Brooklyn,542.0,"1,203",990,2,0,84,0,2,11,114
465,Brooklyn,543.0,35,15,2,0,2,0,2,10,4
466,Brooklyn,544.0,804,685,11,0,76,0,5,8,19
467,Brooklyn,545.0,"3,355","2,630",194,11,0,0,22,10,488
468,Brooklyn,546.0,810,639,31,4,65,0,6,18,47
469,Brooklyn,547.0,"2,145","1,798",71,1,15,2,14,25,219
470,Brooklyn,548.0,542,507,1,0,10,0,0,6,18
471,Brooklyn,549.0,890,777,5,0,6,0,2,12,88
472,Brooklyn,550.0,789,623,12,0,46,0,3,24,81
473,Brooklyn,551.0,652,118,35,1,26,0,3,15,454
474,Brooklyn,552.0,645,403,16,0,138,0,4,17,67
475,Brooklyn,553.0,221,91,10,3,13,0,4,8,92
476,Brooklyn,554.0,848,609,11,4,100,0,1,28,95
477,Brooklyn,555.0,267,116,18,3,25,0,2,13,90
478,Brooklyn,556.0,976,841,2,0,78,0,2,16,37
479,Brooklyn,557.0,134,85,6,0,10,0,1,9,23
480,Brooklyn,558.0,528,368,8,0,88,0,4,6,54
481,Brooklyn,560.0,705,623,2,0,34,0,4,15,27
482,Brooklyn,561.0,359,233,1,0,22,0,2,15,86
483,Brooklyn,562.0,483,454,1,0,22,0,0,4,2
484,Brooklyn,563.0,460,170,3,0,48,0,3,18,218
485,Brooklyn,564.0,505,392,18,0,63,0,1,8,23
486,Brooklyn,565.0,301,187,3,0,23,0,0,14,74
487,Brooklyn,566.0,425,243,27,0,100,0,2,23,30
488,Brooklyn,568.0,254,151,3,0,72,0,0,2,26
489,Brooklyn,569.0,166,122,1,1,2,0,0,4,36
490,Brooklyn,570.0,466,210,11,0,162,0,1,10,72
491,Brooklyn,571.0,449,386,0,0,10,0,2,8,43
492,Brooklyn,572.0,"1,543",45,921,6,60,0,5,36,470
493,Brooklyn,573.0,303,228,0,3,16,0,2,13,41
494,Brooklyn,574.0,518,226,3,0,239,0,4,8,38
495,Brooklyn,575.0,445,231,7,3,41,1,5,17,140
496,Brooklyn,576.0,547,237,4,0,269,0,2,10,25
497,Brooklyn,578.0,708,367,6,0,190,0,1,38,106
498,Brooklyn,579.0,188,36,5,0,13,0,9,6,119
499,Brooklyn,580.0,768,341,14,0,299,0,0,14,100
500,Brooklyn,582.0,776,432,8,2,217,0,0,11,106
501,Brooklyn,584.0,725,530,11,0,140,0,1,7,36
502,Brooklyn,586.0,523,142,20,0,286,0,4,11,60
503,Brooklyn,588.0,501,319,5,3,122,0,4,9,39
504,Brooklyn,589.0,210,168,1,0,5,0,2,9,25
505,Brooklyn,590.0,414,150,13,0,171,0,3,5,72
506,Brooklyn,591.0,443,354,6,0,4,0,0,8,71
507,Brooklyn,592.0,655,367,7,0,204,0,4,32,41
508,Brooklyn,593.0,300,201,1,0,6,0,3,7,82
509,Brooklyn,594.01,"1,342",676,6,3,542,0,5,24,86
510,Brooklyn,594.02,689,456,12,0,160,0,0,10,51
511,Brooklyn,596.0,280,207,6,0,31,0,2,10,24
512,Brooklyn,598.0,736,564,20,0,65,0,0,39,48
513,Brooklyn,600.0,977,729,17,0,106,1,3,23,98
514,Brooklyn,606.0,378,229,1,0,80,0,3,6,59
515,Brooklyn,608.0,570,414,6,1,91,0,3,8,47
516,Brooklyn,610.02,682,645,0,2,6,0,2,12,15
517,Brooklyn,610.03,494,83,6,3,135,0,9,18,240
518,Brooklyn,610.04,885,670,4,1,72,0,3,15,120
519,Brooklyn,612.0,218,209,0,0,2,0,0,2,5
520,Brooklyn,616.0,251,239,0,0,3,0,0,5,4
521,Brooklyn,620.0,385,370,2,0,5,0,0,7,1
522,Brooklyn,622.0,505,285,93,0,20,0,0,22,85
523,Brooklyn,626.0,502,199,54,0,124,0,10,14,101
524,Brooklyn,628.0,"1,093",913,0,1,33,1,0,15,130
525,Brooklyn,632.0,201,161,0,0,17,0,2,0,21
526,Brooklyn,636.0,280,222,1,0,18,0,1,4,34
527,Brooklyn,638.0,240,194,1,0,22,0,0,7,16
528,Brooklyn,640.0,408,326,4,0,36,0,1,6,35
529,Brooklyn,642.0,631,491,8,3,41,0,1,4,83
530,Brooklyn,644.0,829,684,14,0,56,0,0,7,68
531,Brooklyn,646.0,673,562,18,0,37,0,0,13,43
532,Brooklyn,648.0,573,316,115,1,45,0,4,19,73
533,Brooklyn,650.0,267,46,112,0,44,0,0,13,52
534,Brooklyn,652.0,287,185,10,0,37,0,0,14,41
535,Brooklyn,654.0,403,345,3,0,13,0,1,8,33
536,Brooklyn,656.0,395,323,7,0,17,0,2,15,31
537,Brooklyn,658.0,379,287,4,0,38,0,2,12,36
538,Brooklyn,660.0,401,301,0,0,34,0,0,5,61
539,Brooklyn,662.0,277,158,7,0,44,2,0,13,53
540,Brooklyn,666.0,0,0,0,0,0,0,0,0,0
541,Brooklyn,670.0,631,77,388,3,37,0,8,19,99
542,Brooklyn,672.0,362,22,233,3,11,0,2,20,71
543,Brooklyn,674.0,401,45,260,6,20,0,6,12,52
544,Brooklyn,676.0,349,16,284,3,6,0,3,15,22
545,Brooklyn,678.0,539,42,451,1,6,0,2,11,26
546,Brooklyn,680.0,459,24,299,0,28,0,5,23,80
547,Brooklyn,682.0,557,50,360,0,29,0,8,11,99
548,Brooklyn,686.0,277,109,75,2,37,0,8,8,38
549,Brooklyn,688.0,346,68,186,1,33,0,2,8,48
550,Brooklyn,690.0,396,46,272,0,19,0,0,6,53
551,Brooklyn,692.0,571,32,433,0,10,1,8,19,68
552,Brooklyn,696.01,920,365,365,2,20,0,3,18,147
553,Brooklyn,696.02,"1,408",870,274,1,75,0,13,37,138
554,Brooklyn,698.0,299,233,21,0,9,0,2,7,27
555,Brooklyn,700.0,362,324,6,3,4,0,0,1,24
556,Brooklyn,702.01,"1,467","1,364",8,0,16,0,4,10,65
557,Brooklyn,702.02,10,5,5,0,0,0,0,0,0
558,Brooklyn,702.03,0,0,0,0,0,0,0,0,0
559,Brooklyn,706.0,507,444,0,0,8,0,1,11,43
560,Brooklyn,720.0,598,26,505,1,23,0,2,13,28
561,Brooklyn,722.0,508,9,447,3,9,0,2,7,31
562,Brooklyn,724.0,332,2,303,1,0,0,7,8,11
563,Brooklyn,726.0,413,0,368,0,0,0,6,19,20
564,Brooklyn,728.0,590,20,499,1,5,0,1,11,53
565,Brooklyn,730.0,339,10,309,0,2,0,3,1,14
566,Brooklyn,732.0,395,11,324,0,23,0,3,3,31
567,Brooklyn,734.0,395,6,333,0,11,0,2,6,37
568,Brooklyn,736.0,840,65,550,3,115,1,2,31,73
569,Brooklyn,738.0,894,341,382,6,32,0,7,17,109
570,Brooklyn,740.0,941,87,553,0,121,0,12,32,136
571,Brooklyn,742.0,"1,070",668,298,1,29,0,2,17,55
572,Brooklyn,744.0,"1,068","1,024",23,0,3,0,0,2,16
573,Brooklyn,746.0,646,465,83,1,39,0,0,13,45
574,Brooklyn,748.0,707,581,83,0,13,0,0,5,25
575,Brooklyn,750.0,"1,069",898,92,2,15,0,4,7,51
576,Brooklyn,752.0,354,353,1,0,0,0,0,0,0
577,Brooklyn,754.0,480,480,0,0,0,0,0,0,0
578,Brooklyn,756.0,627,565,11,0,36,0,0,2,13
579,Brooklyn,758.0,489,463,0,0,9,0,1,0,16
580,Brooklyn,760.0,667,568,7,0,52,0,0,14,26
581,Brooklyn,762.0,993,505,95,4,187,0,3,12,187
582,Brooklyn,764.0,789,154,433,4,36,0,4,12,146
583,Brooklyn,766.0,501,16,401,2,8,0,1,2,71
584,Brooklyn,768.0,"1,045",849,15,2,90,0,0,8,81
585,Brooklyn,770.0,586,21,403,8,5,0,4,16,129
586,Brooklyn,772.0,830,321,366,2,17,1,1,12,110
587,Brooklyn,774.0,734,166,383,0,79,0,1,14,91
588,Brooklyn,776.0,751,36,549,7,47,0,4,25,83
589,Brooklyn,780.0,424,4,386,2,5,0,0,5,22
590,Brooklyn,782.0,888,4,822,1,1,0,13,4,43
591,Brooklyn,784.0,496,2,427,3,12,0,2,5,45
592,Brooklyn,786.0,940,21,699,8,55,0,2,11,144
593,Brooklyn,788.0,876,5,740,0,3,0,5,28,95
594,Brooklyn,790.0,"1,219",13,"1,030",9,19,0,3,15,130
595,Brooklyn,792.0,"1,218",18,949,5,13,0,4,29,200
596,Brooklyn,794.0,476,11,392,2,1,0,1,7,62
597,Brooklyn,796.01,912,77,662,0,6,0,2,20,145
598,Brooklyn,796.02,"1,094",31,843,7,3,0,8,16,186
599,Brooklyn,798.01,492,58,351,0,9,0,1,28,45
600,Brooklyn,798.02,"1,031",82,772,7,17,0,6,32,115
601,Brooklyn,800.0,725,94,519,1,14,0,4,27,66
602,Brooklyn,802.0,943,24,779,3,3,0,20,25,89
603,Brooklyn,804.0,750,53,592,6,13,0,5,16,65
604,Brooklyn,806.0,960,395,493,3,1,1,6,12,49
605,Brooklyn,808.0,27,8,18,0,0,0,1,0,0
606,Brooklyn,810.0,503,8,448,1,7,0,1,7,31
607,Brooklyn,814.0,547,0,491,0,5,0,0,16,35
608,Brooklyn,816.0,673,4,593,0,13,0,0,18,45
609,Brooklyn,818.0,974,12,770,2,16,0,11,21,142
610,Brooklyn,820.0,"1,339",24,"1,098",3,22,0,10,27,155
611,Brooklyn,822.0,"1,541",22,"1,323",3,10,0,5,28,150
612,Brooklyn,824.0,"1,132",5,979,1,17,0,0,20,110
613,Brooklyn,826.0,"1,301",25,"1,118",4,6,1,6,26,115
614,Brooklyn,828.0,896,8,750,12,9,0,4,15,98
615,Brooklyn,830.0,"1,526",4,"1,352",2,10,0,8,30,120
616,Brooklyn,832.0,501,3,452,4,11,1,4,2,24
617,Brooklyn,834.0,323,0,292,1,2,0,0,12,16
618,Brooklyn,836.0,416,2,380,1,4,0,4,5,20
619,Brooklyn,838.0,396,1,350,0,1,0,1,16,27
620,Brooklyn,840.0,464,5,411,1,1,0,2,9,35
621,Brooklyn,846.0,391,15,329,0,0,0,5,18,24
622,Brooklyn,848.0,379,0,360,0,1,0,0,4,14
623,Brooklyn,850.0,267,2,248,1,0,0,0,6,10
624,Brooklyn,852.0,7,0,7,0,0,0,0,0,0
625,Brooklyn,854.0,440,4,394,0,3,0,3,3,33
626,Brooklyn,856.0,784,9,688,4,2,0,4,12,65
627,Brooklyn,858.0,546,2,493,4,2,0,0,10,35
628,Brooklyn,860.0,813,15,735,5,9,0,1,6,42
629,Brooklyn,862.0,692,6,639,5,3,0,10,3,26
630,Brooklyn,864.0,511,3,472,3,0,0,0,4,29
631,Brooklyn,866.0,703,1,662,0,1,0,1,10,28
632,Brooklyn,868.0,741,25,661,5,9,0,3,6,32
633,Brooklyn,870.0,703,9,642,2,2,0,0,2,46
634,Brooklyn,872.0,584,2,549,0,0,2,1,11,19
635,Brooklyn,874.01,612,61,486,0,5,0,4,11,45
636,Brooklyn,876.0,467,134,310,0,0,0,1,4,18
637,Brooklyn,878.0,592,2,545,1,0,0,3,8,33
638,Brooklyn,880.0,635,18,547,4,2,0,4,10,50
639,Brooklyn,882.0,"1,673",1,"1,532",6,7,0,2,21,104
640,Brooklyn,884.0,"1,370",10,"1,244",5,13,0,0,29,69
641,Brooklyn,886.0,"1,032",7,923,0,9,0,0,6,87
642,Brooklyn,888.0,"1,007",2,861,2,4,3,0,18,117
643,Brooklyn,890.0,"1,575",3,"1,372",3,9,0,3,15,170
644,Brooklyn,892.0,961,0,838,1,1,2,3,22,94
645,Brooklyn,894.0,947,10,777,4,3,0,10,17,126
646,Brooklyn,896.0,"1,012",7,857,3,27,1,4,8,105
647,Brooklyn,898.0,590,7,514,0,4,0,6,7,52
648,Brooklyn,900.0,"1,642",2,"1,280",10,0,2,7,27,314
649,Brooklyn,902.0,"1,069",7,745,5,10,1,5,14,282
650,Brooklyn,906.0,"1,596",9,"1,057",4,6,0,1,16,503
651,Brooklyn,908.0,"1,379",13,887,1,1,0,0,26,451
652,Brooklyn,910.0,"1,704",4,"1,151",5,10,0,1,19,514
653,Brooklyn,912.0,"2,274",27,"1,454",8,6,0,2,32,745
654,Brooklyn,916.0,"1,249",12,"1,027",1,4,0,4,16,185
655,Brooklyn,918.0,779,2,460,3,0,0,4,7,303
656,Brooklyn,920.0,982,4,825,2,4,0,6,7,134
657,Brooklyn,922.0,622,3,548,4,0,0,2,11,54
658,Brooklyn,924.0,868,6,675,0,6,0,8,6,167
659,Brooklyn,928.0,566,6,507,0,4,0,1,9,39
660,Brooklyn,930.0,475,0,450,0,4,0,2,9,10
661,Brooklyn,932.0,202,1,188,1,0,0,0,1,11
662,Brooklyn,934.0,412,1,380,0,4,0,2,5,20
663,Brooklyn,936.0,376,0,330,2,0,0,2,4,38
664,Brooklyn,938.0,532,1,489,0,1,0,5,5,31
665,Brooklyn,944.01,679,6,622,1,0,0,1,10,39
666,Brooklyn,944.02,853,8,683,9,3,0,1,6,143
667,Brooklyn,946.0,354,4,322,1,5,0,1,2,19
668,Brooklyn,950.0,602,8,564,0,1,0,3,3,23
669,Brooklyn,954.0,"1,053",12,978,1,0,0,3,12,47
670,Brooklyn,956.0,975,8,881,3,12,0,3,10,58
671,Brooklyn,958.0,842,16,741,2,20,0,3,8,52
672,Brooklyn,960.0,0,0,0,0,0,0,0,0,0
673,Brooklyn,962.0,440,22,365,1,4,0,0,3,45
674,Brooklyn,964.0,562,20,463,0,8,0,3,8,60
675,Brooklyn,966.0,533,14,432,0,21,0,5,14,47
676,Brooklyn,968.0,378,18,255,0,3,0,5,19,78
677,Brooklyn,970.0,480,20,367,0,15,0,1,8,69
678,Brooklyn,974.0,599,22,524,2,5,0,4,6,36
679,Brooklyn,982.0,"1,331",8,960,2,3,0,2,42,314
680,Brooklyn,984.0,483,3,446,0,1,0,7,1,25
681,Brooklyn,986.0,663,4,604,1,6,0,6,6,36
682,Brooklyn,988.0,617,20,533,0,4,0,7,11,42
683,Brooklyn,990.0,350,11,268,1,27,1,2,6,34
684,Brooklyn,992.0,452,16,368,0,19,0,0,16,33
685,Brooklyn,994.0,533,9,470,1,0,0,1,11,41
686,Brooklyn,996.0,891,12,811,0,10,0,2,21,35
687,Brooklyn,998.0,908,21,802,2,12,0,5,16,50
688,Brooklyn,1004.0,585,5,526,0,2,0,4,4,44
689,Brooklyn,1006.0,582,12,499,0,11,0,0,11,49
690,Brooklyn,1008.0,540,25,435,4,17,0,1,15,43
691,Brooklyn,1010.0,606,22,470,1,40,0,2,22,49
692,Brooklyn,1012.0,464,12,397,1,12,0,4,11,27
693,Brooklyn,1014.0,481,11,404,0,13,1,3,8,41
694,Brooklyn,1016.0,344,0,312,0,6,0,0,7,19
695,Brooklyn,1018.0,402,18,345,2,2,0,0,4,31
696,Brooklyn,1020.0,428,7,378,1,0,0,2,14,26
697,Brooklyn,1022.0,499,8,382,0,46,0,3,4,56
698,Brooklyn,1024.0,537,12,453,1,14,0,3,4,50
699,Brooklyn,1026.0,662,2,596,4,2,0,7,16,35
700,Brooklyn,1028.0,399,0,329,1,15,0,0,5,49
701,Brooklyn,1034.0,"1,216",13,883,8,0,0,2,18,292
702,Brooklyn,1058.01,"1,344",130,877,5,32,0,4,17,279
703,Brooklyn,1058.04,"1,279",125,846,5,13,0,3,24,263
704,Brooklyn,1070.0,71,0,63,0,0,0,0,1,7
705,Brooklyn,1078.0,684,2,609,1,1,0,3,15,53
706,Brooklyn,1098.0,603,4,482,0,10,0,1,12,94
707,Brooklyn,1104.0,"1,236",11,965,4,0,0,11,21,224
708,Brooklyn,1106.0,"1,316",10,938,7,8,1,0,16,336
709,Brooklyn,1110.0,917,4,682,4,0,0,0,10,217
710,Brooklyn,1116.0,956,1,732,6,7,0,1,13,196
711,Brooklyn,1118.0,938,11,637,1,5,4,5,5,270
712,Brooklyn,1120.0,815,9,506,3,13,0,3,3,278
713,Brooklyn,1122.0,960,8,732,6,5,0,1,17,191
714,Brooklyn,1124.0,"1,025",7,805,2,0,0,5,13,193
715,Brooklyn,1126.0,"1,103",12,790,1,6,1,2,11,280
716,Brooklyn,1128.0,"1,008",9,762,2,2,0,1,11,221
717,Brooklyn,1130.0,"1,173",2,865,7,1,0,10,17,271
718,Brooklyn,1132.0,509,0,397,0,0,0,0,6,106
719,Brooklyn,1134.0,"1,045",3,655,3,6,0,5,9,364
720,Brooklyn,1142.01,370,3,101,8,3,0,1,5,249
721,Brooklyn,1142.02,805,8,242,6,10,0,5,14,520
722,Brooklyn,1144.0,777,5,419,1,11,6,11,7,317
723,Brooklyn,1146.0,832,6,268,2,28,0,7,17,504
724,Brooklyn,1150.0,885,2,442,1,6,0,6,13,415
725,Brooklyn,1152.0,"1,047",0,685,1,16,1,5,19,320
726,Brooklyn,1156.0,"1,431",16,865,3,16,0,7,9,515
727,Brooklyn,1158.0,837,3,597,0,4,0,4,7,222
728,Brooklyn,1160.0,725,8,467,0,0,0,2,13,235
729,Brooklyn,1162.0,537,0,422,1,0,0,3,10,101
730,Brooklyn,1164.0,792,0,494,1,18,0,15,6,258
731,Brooklyn,1166.0,891,7,485,0,27,0,1,7,364
732,Brooklyn,1168.0,609,5,168,2,14,0,16,8,396
733,Brooklyn,1170.0,550,11,112,7,35,1,21,7,356
734,Brooklyn,1172.01,729,18,130,2,19,1,31,7,521
735,Brooklyn,1172.02,"1,133",17,273,7,30,0,36,17,753
736,Brooklyn,1174.0,"1,242",30,230,15,43,2,49,5,868
737,Brooklyn,1176.01,802,20,113,12,19,0,45,15,578
738,Brooklyn,1176.02,909,14,162,0,46,0,35,25,627
739,Brooklyn,1178.0,490,10,85,6,66,0,26,20,277
740,Brooklyn,1180.0,1,0,1,0,0,0,0,0,0
741,Brooklyn,1182.01,860,20,114,8,57,0,21,34,606
742,Brooklyn,1182.02,870,16,95,2,63,0,30,15,649
743,Brooklyn,1184.0,"1,474",39,167,15,91,3,30,37,"1,092"
744,Brooklyn,1186.0,811,12,115,8,131,0,52,20,473
745,Brooklyn,1188.0,"1,379",23,192,21,498,1,67,57,520
746,Brooklyn,1190.0,688,7,203,12,85,1,46,27,307
747,Brooklyn,1192.0,898,6,441,1,43,3,1,6,397
748,Brooklyn,1194.0,"1,133",5,728,3,17,0,9,8,363
749,Brooklyn,1196.0,"1,577",19,641,5,359,0,25,34,494
750,Brooklyn,1198.0,980,23,357,0,24,3,16,9,548
751,Brooklyn,1200.0,558,8,233,4,137,0,17,17,142
752,Brooklyn,1202.0,576,11,66,15,299,3,34,18,130
753,Brooklyn,1208.0,"2,509",16,"1,845",20,65,0,13,33,517
754,Brooklyn,1210.0,"1,250",11,575,0,0,0,11,13,640
755,Brooklyn,1214.0,"1,480",7,865,5,6,0,4,10,583
756,Brooklyn,1220.0,"1,802",24,"1,367",3,19,0,5,22,362
757,Brooklyn,1237.0,"3,336","2,934",47,0,1,14,21,21,298
758,Brooklyn,1502.0,503,288,12,0,39,0,5,23,136
759,Brooklyn,1522.0,760,233,143,6,190,0,19,40,129
760,Brooklyn,9901.0,0,0,0,0,0,0,0,0,0
